[0m18:11:00.884763 [debug] [MainThread]: Sending event: {'category': 'dbt', 'action': 'invocation', 'label': 'start', 'context': [<snowplow_tracker.self_describing_json.SelfDescribingJson object at 0x000001767956D550>, <snowplow_tracker.self_describing_json.SelfDescribingJson object at 0x0000017677041810>, <snowplow_tracker.self_describing_json.SelfDescribingJson object at 0x000001767BF43890>]}


============================== 18:11:00.958737 | 157483bc-ab33-4296-a070-80ae4db00e14 ==============================
[0m18:11:00.958737 [info ] [MainThread]: Running with dbt=1.12.0
[0m18:11:00.963343 [debug] [MainThread]: running dbt with arguments {'maximum_seed_size_mib': '1', 'no_print': 'None', 'static_parser': 'True', 'warn_error_options': 'WarnErrorOptionsV2(error=[], warn=[], silence=[])', 'version_check': 'True', 'target_path': 'None', 'printer_width': '80', 'write_json': 'True', 'introspect': 'True', 'log_cache_events': 'False', 'empty': 'False', 'cache_selected_only': 'False', 'fail_fast': 'False', 'debug': 'False', 'log_format': 'default', 'profiles_dir': 'C:\\Users\\pc\\.dbt', 'send_anonymous_usage_stats': 'True', 'quiet': 'False', 'warn_error': 'None', 'partial_parse': 'True', 'use_colors': 'True', 'hints_enabled': 'True', 'invocation_command': 'dbt run', 'use_experimental_parser': 'False', 'indirect_selection': 'eager', 'log_path': 'C:\\Users\\pc\\dbt_elt_tpch\\logs'}
[0m18:11:04.614114 [debug] [MainThread]: Snowflake adapter: Setting snowflake.connector to ERROR (file logging only)
[0m18:11:04.615378 [debug] [MainThread]: Snowflake adapter: Setting botocore to ERROR (file logging only)
[0m18:11:04.616391 [debug] [MainThread]: Snowflake adapter: Setting boto3 to ERROR (file logging only)
[0m18:11:05.393344 [warn ] [MainThread]: [[33mWARNING[0m][MissingPlusPrefixDeprecation]: Deprecated functionality
Missing '+' prefix on `materialized` found at `dbt_elt_tpch.marts.materialized`
in file `C:\Users\pc\dbt_elt_tpch\dbt_project.yml`. Hierarchical config values
without a '+' prefix are deprecated in dbt_project.yml.
[0m18:11:05.395155 [debug] [MainThread]: Sending event: {'category': 'dbt', 'action': 'deprecation', 'label': '157483bc-ab33-4296-a070-80ae4db00e14', 'property_': 'warn', 'context': [<snowplow_tracker.self_describing_json.SelfDescribingJson object at 0x000001767FBEA3F0>]}
[0m18:11:06.154693 [debug] [MainThread]: Sending event: {'category': 'dbt', 'action': 'project_id', 'label': '157483bc-ab33-4296-a070-80ae4db00e14', 'context': [<snowplow_tracker.self_describing_json.SelfDescribingJson object at 0x000001760F0BB570>]}
[0m18:11:06.391872 [debug] [MainThread]: Sending event: {'category': 'dbt', 'action': 'adapter_info', 'label': '157483bc-ab33-4296-a070-80ae4db00e14', 'context': [<snowplow_tracker.self_describing_json.SelfDescribingJson object at 0x000001767FE38E50>]}
[0m18:11:06.404088 [info ] [MainThread]: Registered adapter: snowflake=1.12.0
[0m18:11:08.155831 [debug] [MainThread]: checksum: 3f97c68dea7470a2a1e4216ff223f1f4cf8a522e47e57870a6fc8d9ecd080023, vars: {}, profile: dbt_elt_tpch, target: dev, version: 1.12.0
[0m18:11:08.160837 [info ] [MainThread]: Unable to do partial parsing because saved manifest not found. Starting full parse.
[0m18:11:08.163033 [debug] [MainThread]: Sending event: {'category': 'dbt', 'action': 'partial_parser', 'label': '157483bc-ab33-4296-a070-80ae4db00e14', 'context': [<snowplow_tracker.self_describing_json.SelfDescribingJson object at 0x000001760F1663F0>]}
[0m18:11:13.803043 [warn ] [MainThread]: [[33mWARNING[0m][MissingArgumentsPropertyInGenericTestDeprecation]: Deprecated
functionality
Found top-level arguments to test `relationships` defined on 'tpch_lineitem' in
package 'dbt_elt_tpch' (models\staging\sources.yml). Arguments to generic tests
should be nested under the `arguments` property.
[0m18:11:13.805696 [debug] [MainThread]: Sending event: {'category': 'dbt', 'action': 'deprecation', 'label': '157483bc-ab33-4296-a070-80ae4db00e14', 'property_': 'warn', 'context': [<snowplow_tracker.self_describing_json.SelfDescribingJson object at 0x000001767FF3D010>]}
[0m18:11:14.178043 [warn ] [MainThread]: [[33mWARNING[0m]: Configuration paths exist in your dbt_project.yml file which do not apply to any resources.
There are 1 unused configuration paths:
- models.dbt_elt_tpch.marts
[0m18:11:14.189793 [debug] [MainThread]: Sending event: {'category': 'dbt', 'action': 'load_project', 'label': '157483bc-ab33-4296-a070-80ae4db00e14', 'context': [<snowplow_tracker.self_describing_json.SelfDescribingJson object at 0x000001760F69C600>]}
[0m18:11:14.944464 [debug] [MainThread]: Wrote artifact WritableManifest to C:\Users\pc\dbt_elt_tpch\target\manifest.json
[0m18:11:14.959040 [debug] [MainThread]: Wrote artifact SemanticManifest to C:\Users\pc\dbt_elt_tpch\target\semantic_manifest.json
[0m18:11:15.124819 [debug] [MainThread]: Wrote artifact OsiDocument to C:\Users\pc\dbt_elt_tpch\target\osi_document.json
[0m18:11:15.230982 [debug] [MainThread]: Sending event: {'category': 'dbt', 'action': 'resource_counts', 'label': '157483bc-ab33-4296-a070-80ae4db00e14', 'context': [<snowplow_tracker.self_describing_json.SelfDescribingJson object at 0x000001760FD8A510>]}
[0m18:11:15.235678 [info ] [MainThread]: Found 1 model, 3 data tests, 2 sources, 545 macros
[0m18:11:15.240773 [debug] [MainThread]: Sending event: {'category': 'dbt', 'action': 'runnable_timing', 'label': '157483bc-ab33-4296-a070-80ae4db00e14', 'context': [<snowplow_tracker.self_describing_json.SelfDescribingJson object at 0x000001760FA3E8E0>]}
[0m18:11:15.255153 [info ] [MainThread]: 
[0m18:11:15.259799 [info ] [MainThread]: Concurrency: 10 threads (target='dev')
[0m18:11:15.265756 [info ] [MainThread]: 
[0m18:11:15.271714 [debug] [MainThread]: Acquiring new snowflake connection 'master'
[0m18:11:15.279941 [debug] [ThreadPool]: Acquiring new snowflake connection 'list_dbt_db'
[0m18:11:15.414692 [debug] [ThreadPool]: Using snowflake connection "list_dbt_db"
[0m18:11:15.418361 [debug] [ThreadPool]: On list_dbt_db: show terse schemas in database dbt_db
    limit 10000
/* {"app": "dbt", "dbt_version": "1.12.0", "profile_name": "dbt_elt_tpch", "target_name": "dev", "connection_name": "list_dbt_db"} */
[0m18:11:15.420485 [debug] [ThreadPool]: Opening a new connection, currently in state init
[0m18:11:18.330344 [debug] [ThreadPool]: SQL status: SUCCESS 3 in 2.910 seconds
[0m18:11:18.343005 [debug] [ThreadPool]: Acquiring new snowflake connection 'list_dbt_db_dbt_schema'
[0m18:11:18.403303 [debug] [ThreadPool]: Using snowflake connection "list_dbt_db_dbt_schema"
[0m18:11:18.406404 [debug] [ThreadPool]: On list_dbt_db_dbt_schema: show objects in dbt_db.dbt_schema
    limit 10000
    

/* {"app": "dbt", "dbt_version": "1.12.0", "profile_name": "dbt_elt_tpch", "target_name": "dev", "connection_name": "list_dbt_db_dbt_schema"} */;
[0m18:11:18.408079 [debug] [ThreadPool]: Opening a new connection, currently in state init
[0m18:11:19.028685 [debug] [ThreadPool]: SQL status: SUCCESS 0 in 0.620 seconds
[0m18:11:19.063099 [debug] [ThreadPool]: Using snowflake connection "list_dbt_db_dbt_schema"
[0m18:11:19.066268 [debug] [ThreadPool]: On list_dbt_db_dbt_schema: show user functions in dbt_db.dbt_schema
/* {"app": "dbt", "dbt_version": "1.12.0", "profile_name": "dbt_elt_tpch", "target_name": "dev", "connection_name": "list_dbt_db_dbt_schema"} */
[0m18:11:19.199834 [debug] [ThreadPool]: SQL status: SUCCESS 0 in 0.131 seconds
[0m18:11:19.210247 [debug] [MainThread]: Sending event: {'category': 'dbt', 'action': 'runnable_timing', 'label': '157483bc-ab33-4296-a070-80ae4db00e14', 'context': [<snowplow_tracker.self_describing_json.SelfDescribingJson object at 0x000001760F7DBB10>]}
[0m18:11:19.446787 [debug] [Thread-2 (]: Began running node model.dbt_elt_tpch.stg__tpch_orders
[0m18:11:19.448218 [info ] [Thread-2 (]: 1 of 1 START sql view model dbt_schema.stg__tpch_orders ........................ [RUN]
[0m18:11:19.450901 [debug] [Thread-2 (]: Acquiring new snowflake connection 'model.dbt_elt_tpch.stg__tpch_orders'
[0m18:11:19.453067 [debug] [Thread-2 (]: Began compiling node model.dbt_elt_tpch.stg__tpch_orders
[0m18:11:19.480210 [debug] [Thread-2 (]: Writing injected SQL for node "model.dbt_elt_tpch.stg__tpch_orders"
[0m18:11:19.488894 [debug] [Thread-2 (]: Began executing node model.dbt_elt_tpch.stg__tpch_orders
[0m18:11:19.598670 [debug] [Thread-2 (]: Writing runtime sql for node "model.dbt_elt_tpch.stg__tpch_orders"
[0m18:11:19.610738 [debug] [Thread-2 (]: Using snowflake connection "model.dbt_elt_tpch.stg__tpch_orders"
[0m18:11:19.612001 [debug] [Thread-2 (]: On model.dbt_elt_tpch.stg__tpch_orders: create or replace   view dbt_db.dbt_schema.stg__tpch_orders
  
  
  
  
  as (
    select
    o_orderkey as order_key,
    o_custkey as customer_key,
    o_orderstatus as status_code,
    o_totalprice as total_price,
    o_orderdate as order_date
from
    snowflake_sample_data.tpch_sf1.orders
  )
/* {"app": "dbt", "dbt_version": "1.12.0", "profile_name": "dbt_elt_tpch", "target_name": "dev", "node_id": "model.dbt_elt_tpch.stg__tpch_orders"} */;
[0m18:11:19.613147 [debug] [Thread-2 (]: Opening a new connection, currently in state init
[0m18:11:20.890108 [debug] [Thread-2 (]: SQL status: SUCCESS 1 in 1.277 seconds
[0m18:11:21.062923 [debug] [Thread-2 (]: Sending event: {'category': 'dbt', 'action': 'run_model', 'label': '157483bc-ab33-4296-a070-80ae4db00e14', 'context': [<snowplow_tracker.self_describing_json.SelfDescribingJson object at 0x0000017679C21B50>]}
[0m18:11:21.066198 [info ] [Thread-2 (]: 1 of 1 OK created sql view model dbt_schema.stg__tpch_orders ................... [[32mSUCCESS 1[0m in 1.60s]
[0m18:11:21.070085 [debug] [Thread-2 (]: Finished running node model.dbt_elt_tpch.stg__tpch_orders
[0m18:11:21.079034 [debug] [MainThread]: Connection 'master' was properly closed.
[0m18:11:21.080764 [debug] [MainThread]: Connection 'list_dbt_db' was left open.
[0m18:11:21.082710 [debug] [MainThread]: On list_dbt_db: Close
[0m18:11:21.329645 [debug] [MainThread]: Connection 'list_dbt_db_dbt_schema' was left open.
[0m18:11:21.331351 [debug] [MainThread]: On list_dbt_db_dbt_schema: Close
[0m18:11:21.543783 [debug] [MainThread]: Connection 'model.dbt_elt_tpch.stg__tpch_orders' was left open.
[0m18:11:21.545694 [debug] [MainThread]: On model.dbt_elt_tpch.stg__tpch_orders: Close
[0m18:11:21.800016 [info ] [MainThread]: 
[0m18:11:21.802953 [info ] [MainThread]: Finished running 1 view model in 0 hours 0 minutes and 6.53 seconds (6.53s).
[0m18:11:21.807376 [debug] [MainThread]: Command end result
[0m18:11:22.027529 [debug] [MainThread]: Wrote artifact WritableManifest to C:\Users\pc\dbt_elt_tpch\target\manifest.json
[0m18:11:22.056603 [debug] [MainThread]: Wrote artifact SemanticManifest to C:\Users\pc\dbt_elt_tpch\target\semantic_manifest.json
[0m18:11:22.072737 [debug] [MainThread]: Wrote artifact OsiDocument to C:\Users\pc\dbt_elt_tpch\target\osi_document.json
[0m18:11:22.105769 [debug] [MainThread]: Wrote artifact RunExecutionResult to C:\Users\pc\dbt_elt_tpch\target\run_results.json
[0m18:11:22.107543 [info ] [MainThread]: 
[0m18:11:22.109884 [info ] [MainThread]: [32mCompleted successfully[0m
[0m18:11:22.111981 [info ] [MainThread]: 
[0m18:11:22.114447 [info ] [MainThread]: Done. PASS=1 WARN=0 ERROR=0 SKIP=0 NO-OP=0 REUSED=0 TOTAL=1
[0m18:11:22.117663 [warn ] [MainThread]: [[33mWARNING[0m][DeprecationsSummary]: Deprecated functionality
Summary of encountered deprecations:
- MissingPlusPrefixDeprecation: 4 occurrences
- MissingArgumentsPropertyInGenericTestDeprecation: 1 occurrence
To see all deprecation instances instead of just the first occurrence of each,
run command again with the `--show-all-deprecations` flag. You may also need to
run with `--no-partial-parse` as some deprecations are only encountered during
parsing.
[0m18:11:22.123655 [debug] [MainThread]: Command `dbt run` succeeded at 18:11:22.123027 after 21.94 seconds
[0m18:11:22.125526 [debug] [MainThread]: Sending event: {'category': 'dbt', 'action': 'invocation', 'label': 'end', 'context': [<snowplow_tracker.self_describing_json.SelfDescribingJson object at 0x000001767C088440>, <snowplow_tracker.self_describing_json.SelfDescribingJson object at 0x00000176735E9BE0>, <snowplow_tracker.self_describing_json.SelfDescribingJson object at 0x000001760FC119D0>]}
[0m18:11:22.127550 [debug] [MainThread]: Flushing usage events
[0m18:11:24.068324 [debug] [MainThread]: An error was encountered while trying to flush usage events
[0m18:17:29.254218 [debug] [MainThread]: Sending event: {'category': 'dbt', 'action': 'invocation', 'label': 'start', 'context': [<snowplow_tracker.self_describing_json.SelfDescribingJson object at 0x0000014474C3D550>, <snowplow_tracker.self_describing_json.SelfDescribingJson object at 0x00000144727116D0>, <snowplow_tracker.self_describing_json.SelfDescribingJson object at 0x0000014477603890>]}


============================== 18:17:29.293607 | 5ec40886-c553-4e90-ac47-ec6d10fe8acd ==============================
[0m18:17:29.293607 [info ] [MainThread]: Running with dbt=1.12.0
[0m18:17:29.296264 [debug] [MainThread]: running dbt with arguments {'static_parser': 'True', 'no_print': 'None', 'maximum_seed_size_mib': '1', 'target_path': 'None', 'warn_error_options': 'WarnErrorOptionsV2(error=[], warn=[], silence=[])', 'version_check': 'True', 'printer_width': '80', 'write_json': 'True', 'empty': 'False', 'log_cache_events': 'False', 'introspect': 'True', 'cache_selected_only': 'False', 'log_format': 'default', 'debug': 'False', 'fail_fast': 'False', 'partial_parse': 'True', 'send_anonymous_usage_stats': 'True', 'quiet': 'False', 'warn_error': 'None', 'profiles_dir': 'C:\\Users\\pc\\.dbt', 'invocation_command': 'dbt run -s stg__tpch_line_items', 'hints_enabled': 'True', 'use_colors': 'True', 'use_experimental_parser': 'False', 'indirect_selection': 'eager', 'log_path': 'C:\\Users\\pc\\dbt_elt_tpch\\logs'}
[0m18:17:31.147548 [debug] [MainThread]: Snowflake adapter: Setting snowflake.connector to ERROR (file logging only)
[0m18:17:31.149602 [debug] [MainThread]: Snowflake adapter: Setting botocore to ERROR (file logging only)
[0m18:17:31.151306 [debug] [MainThread]: Snowflake adapter: Setting boto3 to ERROR (file logging only)
[0m18:17:31.639891 [warn ] [MainThread]: [[33mWARNING[0m][MissingPlusPrefixDeprecation]: Deprecated functionality
Missing '+' prefix on `snowflake_warehouse` found at
`dbt_elt_tpch.staging.snowflake_warehouse` in file
`C:\Users\pc\dbt_elt_tpch\dbt_project.yml`. Hierarchical config values without a
'+' prefix are deprecated in dbt_project.yml.
[0m18:17:31.641295 [debug] [MainThread]: Sending event: {'category': 'dbt', 'action': 'deprecation', 'label': '5ec40886-c553-4e90-ac47-ec6d10fe8acd', 'property_': 'warn', 'context': [<snowplow_tracker.self_describing_json.SelfDescribingJson object at 0x000001440A33A3F0>]}
[0m18:17:31.993563 [debug] [MainThread]: Sending event: {'category': 'dbt', 'action': 'project_id', 'label': '5ec40886-c553-4e90-ac47-ec6d10fe8acd', 'context': [<snowplow_tracker.self_describing_json.SelfDescribingJson object at 0x000001440A7EF570>]}
[0m18:17:32.107660 [debug] [MainThread]: Sending event: {'category': 'dbt', 'action': 'adapter_info', 'label': '5ec40886-c553-4e90-ac47-ec6d10fe8acd', 'context': [<snowplow_tracker.self_describing_json.SelfDescribingJson object at 0x000001440A588E50>]}
[0m18:17:32.110425 [info ] [MainThread]: Registered adapter: snowflake=1.12.0
[0m18:17:33.282692 [debug] [MainThread]: checksum: 3f97c68dea7470a2a1e4216ff223f1f4cf8a522e47e57870a6fc8d9ecd080023, vars: {}, profile: dbt_elt_tpch, target: dev, version: 1.12.0
[0m18:17:33.715239 [debug] [MainThread]: Partial parsing enabled: 0 files deleted, 1 files added, 0 files changed.
[0m18:17:33.716556 [debug] [MainThread]: Partial parsing: added file: dbt_elt_tpch://models\staging\stg__tpch_line_items.sql
[0m18:17:34.330491 [warn ] [MainThread]: [[33mWARNING[0m]: Configuration paths exist in your dbt_project.yml file which do not apply to any resources.
There are 1 unused configuration paths:
- models.dbt_elt_tpch.marts
[0m18:17:34.338952 [debug] [MainThread]: Sending event: {'category': 'dbt', 'action': 'load_project', 'label': '5ec40886-c553-4e90-ac47-ec6d10fe8acd', 'context': [<snowplow_tracker.self_describing_json.SelfDescribingJson object at 0x000001440AE26E40>]}
[0m18:17:34.665943 [debug] [MainThread]: Wrote artifact WritableManifest to C:\Users\pc\dbt_elt_tpch\target\manifest.json
[0m18:17:34.671809 [debug] [MainThread]: Wrote artifact SemanticManifest to C:\Users\pc\dbt_elt_tpch\target\semantic_manifest.json
[0m18:17:34.746062 [debug] [MainThread]: Wrote artifact OsiDocument to C:\Users\pc\dbt_elt_tpch\target\osi_document.json
[0m18:17:34.783942 [debug] [MainThread]: Sending event: {'category': 'dbt', 'action': 'resource_counts', 'label': '5ec40886-c553-4e90-ac47-ec6d10fe8acd', 'context': [<snowplow_tracker.self_describing_json.SelfDescribingJson object at 0x000001440B026DD0>]}
[0m18:17:34.785517 [info ] [MainThread]: Found 2 models, 3 data tests, 2 sources, 545 macros
[0m18:17:34.787183 [debug] [MainThread]: Sending event: {'category': 'dbt', 'action': 'runnable_timing', 'label': '5ec40886-c553-4e90-ac47-ec6d10fe8acd', 'context': [<snowplow_tracker.self_describing_json.SelfDescribingJson object at 0x000001440B0A60D0>]}
[0m18:17:34.792711 [info ] [MainThread]: 
[0m18:17:34.794318 [info ] [MainThread]: Concurrency: 10 threads (target='dev')
[0m18:17:34.796387 [info ] [MainThread]: 
[0m18:17:34.799295 [debug] [MainThread]: Acquiring new snowflake connection 'master'
[0m18:17:34.802552 [debug] [ThreadPool]: Acquiring new snowflake connection 'list_dbt_db'
[0m18:17:34.856870 [debug] [ThreadPool]: Using snowflake connection "list_dbt_db"
[0m18:17:34.858200 [debug] [ThreadPool]: On list_dbt_db: show terse schemas in database dbt_db
    limit 10000
/* {"app": "dbt", "dbt_version": "1.12.0", "profile_name": "dbt_elt_tpch", "target_name": "dev", "connection_name": "list_dbt_db"} */
[0m18:17:34.859302 [debug] [ThreadPool]: Opening a new connection, currently in state init
[0m18:17:37.116800 [debug] [ThreadPool]: SQL status: SUCCESS 3 in 2.257 seconds
[0m18:17:37.144927 [debug] [ThreadPool]: Acquiring new snowflake connection 'list_dbt_db_dbt_schema'
[0m18:17:37.195595 [debug] [ThreadPool]: Using snowflake connection "list_dbt_db_dbt_schema"
[0m18:17:37.197318 [debug] [ThreadPool]: On list_dbt_db_dbt_schema: show objects in dbt_db.dbt_schema
    limit 10000
    

/* {"app": "dbt", "dbt_version": "1.12.0", "profile_name": "dbt_elt_tpch", "target_name": "dev", "connection_name": "list_dbt_db_dbt_schema"} */;
[0m18:17:37.198788 [debug] [ThreadPool]: Opening a new connection, currently in state init
[0m18:17:37.931210 [debug] [ThreadPool]: SQL status: SUCCESS 1 in 0.732 seconds
[0m18:17:37.954641 [debug] [ThreadPool]: Using snowflake connection "list_dbt_db_dbt_schema"
[0m18:17:37.956324 [debug] [ThreadPool]: On list_dbt_db_dbt_schema: show user functions in dbt_db.dbt_schema
/* {"app": "dbt", "dbt_version": "1.12.0", "profile_name": "dbt_elt_tpch", "target_name": "dev", "connection_name": "list_dbt_db_dbt_schema"} */
[0m18:17:38.121465 [debug] [ThreadPool]: SQL status: SUCCESS 0 in 0.164 seconds
[0m18:17:38.130139 [debug] [MainThread]: Sending event: {'category': 'dbt', 'action': 'runnable_timing', 'label': '5ec40886-c553-4e90-ac47-ec6d10fe8acd', 'context': [<snowplow_tracker.self_describing_json.SelfDescribingJson object at 0x000001440B157A10>]}
[0m18:17:38.159627 [debug] [Thread-2 (]: Began running node model.dbt_elt_tpch.stg__tpch_line_items
[0m18:17:38.162198 [info ] [Thread-2 (]: 1 of 1 START sql view model dbt_schema.stg__tpch_line_items .................... [RUN]
[0m18:17:38.165382 [debug] [Thread-2 (]: Acquiring new snowflake connection 'model.dbt_elt_tpch.stg__tpch_line_items'
[0m18:17:38.167207 [debug] [Thread-2 (]: Began compiling node model.dbt_elt_tpch.stg__tpch_line_items
[0m18:17:38.477484 [debug] [Thread-2 (]: Compilation Error in model stg__tpch_line_items (models\staging\stg__tpch_line_items.sql)
  'dbt_utils' is undefined. This can happen when calling a macro that does not exist. Check for typos and/or install package dependencies with "dbt deps".
[0m18:17:38.486642 [debug] [Thread-2 (]: Sending event: {'category': 'dbt', 'action': 'run_model', 'label': '5ec40886-c553-4e90-ac47-ec6d10fe8acd', 'context': [<snowplow_tracker.self_describing_json.SelfDescribingJson object at 0x00000144752E5FF0>]}
[0m18:17:38.489652 [error] [Thread-2 (]: 1 of 1 ERROR creating sql view model dbt_schema.stg__tpch_line_items ........... [[31mERROR[0m in 0.32s]
[0m18:17:38.492723 [debug] [Thread-2 (]: Finished running node model.dbt_elt_tpch.stg__tpch_line_items
[0m18:17:38.495256 [debug] [Thread-14 ]: Marking all children of 'model.dbt_elt_tpch.stg__tpch_line_items' to be skipped because of status 'error'.  Reason: Compilation Error in model stg__tpch_line_items (models\staging\stg__tpch_line_items.sql)
  'dbt_utils' is undefined. This can happen when calling a macro that does not exist. Check for typos and/or install package dependencies with "dbt deps"..
[0m18:17:38.505262 [debug] [MainThread]: Connection 'master' was properly closed.
[0m18:17:38.506845 [debug] [MainThread]: Connection 'list_dbt_db' was left open.
[0m18:17:38.508416 [debug] [MainThread]: On list_dbt_db: Close
[0m18:17:38.707312 [debug] [MainThread]: Connection 'list_dbt_db_dbt_schema' was left open.
[0m18:17:38.709234 [debug] [MainThread]: On list_dbt_db_dbt_schema: Close
[0m18:17:38.886491 [debug] [MainThread]: Connection 'model.dbt_elt_tpch.stg__tpch_line_items' was properly closed.
[0m18:17:38.888452 [info ] [MainThread]: 
[0m18:17:38.891060 [info ] [MainThread]: Finished running 1 view model in 0 hours 0 minutes and 4.09 seconds (4.09s).
[0m18:17:38.895057 [debug] [MainThread]: Command end result
[0m18:17:39.028053 [debug] [MainThread]: Wrote artifact WritableManifest to C:\Users\pc\dbt_elt_tpch\target\manifest.json
[0m18:17:39.033825 [debug] [MainThread]: Wrote artifact SemanticManifest to C:\Users\pc\dbt_elt_tpch\target\semantic_manifest.json
[0m18:17:39.039757 [debug] [MainThread]: Wrote artifact OsiDocument to C:\Users\pc\dbt_elt_tpch\target\osi_document.json
[0m18:17:39.054619 [debug] [MainThread]: Wrote artifact RunExecutionResult to C:\Users\pc\dbt_elt_tpch\target\run_results.json
[0m18:17:39.055423 [info ] [MainThread]: 
[0m18:17:39.056599 [info ] [MainThread]: [31mCompleted with 1 error, 0 partial successes, and 0 warnings:[0m
[0m18:17:39.057758 [info ] [MainThread]: 
[0m18:17:39.058984 [error] [MainThread]: [[31mERROR[0m]: in model stg__tpch_line_items (models\staging\stg__tpch_line_items.sql)
[0m18:17:39.060304 [error] [MainThread]:   Compilation Error in model stg__tpch_line_items (models\staging\stg__tpch_line_items.sql)
  'dbt_utils' is undefined. This can happen when calling a macro that does not exist. Check for typos and/or install package dependencies with "dbt deps".
[0m18:17:39.061250 [info ] [MainThread]: 
[0m18:17:39.062420 [info ] [MainThread]: Done. PASS=0 WARN=0 ERROR=1 SKIP=0 NO-OP=0 REUSED=0 TOTAL=1
[0m18:17:39.064430 [warn ] [MainThread]: [[33mWARNING[0m][DeprecationsSummary]: Deprecated functionality
Summary of encountered deprecations:
- MissingPlusPrefixDeprecation: 4 occurrences
To see all deprecation instances instead of just the first occurrence of each,
run command again with the `--show-all-deprecations` flag. You may also need to
run with `--no-partial-parse` as some deprecations are only encountered during
parsing.
[0m18:17:39.068871 [debug] [MainThread]: Command `dbt run` failed at 18:17:39.068357 after 10.41 seconds
[0m18:17:39.071056 [debug] [MainThread]: Sending event: {'category': 'dbt', 'action': 'invocation', 'label': 'end', 'context': [<snowplow_tracker.self_describing_json.SelfDescribingJson object at 0x000001440B007BB0>, <snowplow_tracker.self_describing_json.SelfDescribingJson object at 0x000001440B2EF0B0>, <snowplow_tracker.self_describing_json.SelfDescribingJson object at 0x00000144729A6750>]}
[0m18:17:39.073172 [debug] [MainThread]: Flushing usage events
[0m18:17:40.898068 [debug] [MainThread]: An error was encountered while trying to flush usage events
[0m18:19:11.647627 [debug] [MainThread]: Sending event: {'category': 'dbt', 'action': 'invocation', 'label': 'start', 'context': [<snowplow_tracker.self_describing_json.SelfDescribingJson object at 0x0000029E24A69550>, <snowplow_tracker.self_describing_json.SelfDescribingJson object at 0x0000029E225356D0>, <snowplow_tracker.self_describing_json.SelfDescribingJson object at 0x0000029E2748F890>]}


============================== 18:19:11.685854 | 19d2b08b-472c-4b8e-bb79-ff253cda4f1a ==============================
[0m18:19:11.685854 [info ] [MainThread]: Running with dbt=1.12.0
[0m18:19:11.688621 [debug] [MainThread]: running dbt with arguments {'static_parser': 'True', 'no_print': 'None', 'version_check': 'True', 'warn_error_options': 'WarnErrorOptionsV2(error=[], warn=[], silence=[])', 'target_path': 'None', 'maximum_seed_size_mib': '1', 'printer_width': '80', 'write_json': 'True', 'introspect': 'True', 'log_cache_events': 'False', 'empty': 'None', 'cache_selected_only': 'False', 'fail_fast': 'False', 'debug': 'False', 'log_format': 'default', 'partial_parse': 'True', 'send_anonymous_usage_stats': 'True', 'quiet': 'False', 'warn_error': 'None', 'profiles_dir': 'C:\\Users\\pc\\.dbt', 'use_colors': 'True', 'hints_enabled': 'True', 'invocation_command': 'dbt deps', 'use_experimental_parser': 'False', 'indirect_selection': 'eager', 'log_path': 'C:\\Users\\pc\\dbt_elt_tpch\\logs'}
[0m18:19:12.035145 [debug] [MainThread]: Sending event: {'category': 'dbt', 'action': 'project_id', 'label': '19d2b08b-472c-4b8e-bb79-ff253cda4f1a', 'context': [<snowplow_tracker.self_describing_json.SelfDescribingJson object at 0x0000029E2757C9D0>]}
[0m18:19:12.163829 [info ] [MainThread]: Warning: No packages were found in packages.yml
[0m18:19:12.168021 [info ] [MainThread]: Warning: No packages were found in packages.yml
[0m18:19:12.172735 [debug] [MainThread]: Command `dbt deps` succeeded at 18:19:12.172203 after 1.03 seconds
[0m18:19:12.174419 [debug] [MainThread]: Sending event: {'category': 'dbt', 'action': 'invocation', 'label': 'end', 'context': [<snowplow_tracker.self_describing_json.SelfDescribingJson object at 0x0000029E2576B350>, <snowplow_tracker.self_describing_json.SelfDescribingJson object at 0x0000029E276BE470>, <snowplow_tracker.self_describing_json.SelfDescribingJson object at 0x0000029E27307650>]}
[0m18:19:12.175967 [debug] [MainThread]: Flushing usage events
[0m18:19:13.981504 [debug] [MainThread]: An error was encountered while trying to flush usage events
[0m18:19:55.984680 [debug] [MainThread]: Sending event: {'category': 'dbt', 'action': 'invocation', 'label': 'start', 'context': [<snowplow_tracker.self_describing_json.SelfDescribingJson object at 0x000001C664F21550>, <snowplow_tracker.self_describing_json.SelfDescribingJson object at 0x000001C6629F5810>, <snowplow_tracker.self_describing_json.SelfDescribingJson object at 0x000001C66794F890>]}


============================== 18:19:56.021913 | 757724ef-cbd9-42bc-996a-32ec08acce94 ==============================
[0m18:19:56.021913 [info ] [MainThread]: Running with dbt=1.12.0
[0m18:19:56.024615 [debug] [MainThread]: running dbt with arguments {'static_parser': 'True', 'no_print': 'None', 'maximum_seed_size_mib': '1', 'warn_error_options': 'WarnErrorOptionsV2(error=[], warn=[], silence=[])', 'version_check': 'True', 'target_path': 'None', 'printer_width': '80', 'write_json': 'True', 'introspect': 'True', 'log_cache_events': 'False', 'empty': 'None', 'cache_selected_only': 'False', 'fail_fast': 'False', 'debug': 'False', 'log_format': 'default', 'partial_parse': 'True', 'send_anonymous_usage_stats': 'True', 'quiet': 'False', 'warn_error': 'None', 'profiles_dir': 'C:\\Users\\pc\\.dbt', 'invocation_command': 'dbt deps', 'hints_enabled': 'True', 'use_colors': 'True', 'use_experimental_parser': 'False', 'indirect_selection': 'eager', 'log_path': 'C:\\Users\\pc\\dbt_elt_tpch\\logs'}
[0m18:19:56.425313 [debug] [MainThread]: Sending event: {'category': 'dbt', 'action': 'project_id', 'label': '757724ef-cbd9-42bc-996a-32ec08acce94', 'context': [<snowplow_tracker.self_describing_json.SelfDescribingJson object at 0x000001C66777BE10>]}
[0m18:19:56.517606 [debug] [MainThread]: Set downloads directory='C:\Users\pc\AppData\Local\Temp\dbt-downloads-g40datea'
[0m18:19:56.519715 [debug] [MainThread]: Making package index registry request: GET https://hub.getdbt.com/api/v1/index.json
[0m18:19:57.640089 [debug] [MainThread]: Response from registry index: GET https://hub.getdbt.com/api/v1/index.json 200
[0m18:19:57.646059 [debug] [MainThread]: Making package registry request: GET https://hub.getdbt.com/api/v1/dbt-labs/dbt_utils.json
[0m18:19:58.540653 [debug] [MainThread]: Response from registry: GET https://hub.getdbt.com/api/v1/dbt-labs/dbt_utils.json 200
[0m18:19:58.596715 [info ] [MainThread]: Updating lock file in file path: C:\Users\pc\dbt_elt_tpch/package-lock.yml
[0m18:19:58.613756 [debug] [MainThread]: Set downloads directory='C:\Users\pc\AppData\Local\Temp\dbt-downloads-cd475xui'
[0m18:19:58.629698 [info ] [MainThread]: Installing dbt-labs/dbt_utils
[0m18:20:01.258195 [info ] [MainThread]: Installed from version 1.1.1
[0m18:20:01.259277 [info ] [MainThread]: Updated version available: 1.4.1
[0m18:20:01.260254 [debug] [MainThread]: Sending event: {'category': 'dbt', 'action': 'package', 'label': '757724ef-cbd9-42bc-996a-32ec08acce94', 'property_': 'install', 'context': [<snowplow_tracker.self_describing_json.SelfDescribingJson object at 0x000001C663278270>, <snowplow_tracker.self_describing_json.SelfDescribingJson object at 0x000001C667A97460>]}
[0m18:20:01.261035 [info ] [MainThread]: 
[0m18:20:01.261861 [info ] [MainThread]: Updates available for packages: ['dbt-labs/dbt_utils']                 
Update your versions in packages.yml, then run dbt deps
[0m18:20:01.266489 [debug] [MainThread]: Command `dbt deps` succeeded at 18:20:01.266073 after 5.72 seconds
[0m18:20:01.267885 [debug] [MainThread]: Sending event: {'category': 'dbt', 'action': 'invocation', 'label': 'end', 'context': [<snowplow_tracker.self_describing_json.SelfDescribingJson object at 0x000001C667C31A50>, <snowplow_tracker.self_describing_json.SelfDescribingJson object at 0x000001C667AD1C70>, <snowplow_tracker.self_describing_json.SelfDescribingJson object at 0x000001C667BDA120>]}
[0m18:20:01.268982 [debug] [MainThread]: Flushing usage events
[0m18:20:03.131884 [debug] [MainThread]: An error was encountered while trying to flush usage events
[0m18:20:28.766803 [debug] [MainThread]: Sending event: {'category': 'dbt', 'action': 'invocation', 'label': 'start', 'context': [<snowplow_tracker.self_describing_json.SelfDescribingJson object at 0x000001ED07865550>, <snowplow_tracker.self_describing_json.SelfDescribingJson object at 0x000001ED05335810>, <snowplow_tracker.self_describing_json.SelfDescribingJson object at 0x000001ED0A243890>]}


============================== 18:20:28.805820 | f1c9ff98-4cb3-49ee-b354-85db9346632d ==============================
[0m18:20:28.805820 [info ] [MainThread]: Running with dbt=1.12.0
[0m18:20:28.808288 [debug] [MainThread]: running dbt with arguments {'static_parser': 'True', 'no_print': 'None', 'version_check': 'True', 'target_path': 'None', 'warn_error_options': 'WarnErrorOptionsV2(error=[], warn=[], silence=[])', 'maximum_seed_size_mib': '1', 'printer_width': '80', 'write_json': 'True', 'empty': 'False', 'log_cache_events': 'False', 'introspect': 'True', 'cache_selected_only': 'False', 'log_format': 'default', 'debug': 'False', 'fail_fast': 'False', 'profiles_dir': 'C:\\Users\\pc\\.dbt', 'send_anonymous_usage_stats': 'True', 'quiet': 'False', 'warn_error': 'None', 'partial_parse': 'True', 'use_colors': 'True', 'hints_enabled': 'True', 'invocation_command': 'dbt run -s stg__tpch_line_items', 'use_experimental_parser': 'False', 'indirect_selection': 'eager', 'log_path': 'C:\\Users\\pc\\dbt_elt_tpch\\logs'}
[0m18:20:30.177523 [debug] [MainThread]: Snowflake adapter: Setting snowflake.connector to ERROR (file logging only)
[0m18:20:30.178308 [debug] [MainThread]: Snowflake adapter: Setting botocore to ERROR (file logging only)
[0m18:20:30.178936 [debug] [MainThread]: Snowflake adapter: Setting boto3 to ERROR (file logging only)
[0m18:20:30.518296 [warn ] [MainThread]: [[33mWARNING[0m][MissingPlusPrefixDeprecation]: Deprecated functionality
Missing '+' prefix on `snowflake_warehouse` found at
`dbt_elt_tpch.staging.snowflake_warehouse` in file
`C:\Users\pc\dbt_elt_tpch\dbt_project.yml`. Hierarchical config values without a
'+' prefix are deprecated in dbt_project.yml.
[0m18:20:30.519516 [debug] [MainThread]: Sending event: {'category': 'dbt', 'action': 'deprecation', 'label': 'f1c9ff98-4cb3-49ee-b354-85db9346632d', 'property_': 'warn', 'context': [<snowplow_tracker.self_describing_json.SelfDescribingJson object at 0x000001ED1CEBA3F0>]}
[0m18:20:30.941797 [debug] [MainThread]: Sending event: {'category': 'dbt', 'action': 'project_id', 'label': 'f1c9ff98-4cb3-49ee-b354-85db9346632d', 'context': [<snowplow_tracker.self_describing_json.SelfDescribingJson object at 0x000001ED1D373790>]}
[0m18:20:31.059336 [debug] [MainThread]: Sending event: {'category': 'dbt', 'action': 'adapter_info', 'label': 'f1c9ff98-4cb3-49ee-b354-85db9346632d', 'context': [<snowplow_tracker.self_describing_json.SelfDescribingJson object at 0x000001ED1D108E50>]}
[0m18:20:31.062393 [info ] [MainThread]: Registered adapter: snowflake=1.12.0
[0m18:20:32.017599 [debug] [MainThread]: checksum: 3f97c68dea7470a2a1e4216ff223f1f4cf8a522e47e57870a6fc8d9ecd080023, vars: {}, profile: dbt_elt_tpch, target: dev, version: 1.12.0
[0m18:20:32.280646 [info ] [MainThread]: Unable to do partial parsing because a project dependency has been added
[0m18:20:32.281792 [debug] [MainThread]: Sending event: {'category': 'dbt', 'action': 'partial_parser', 'label': 'f1c9ff98-4cb3-49ee-b354-85db9346632d', 'context': [<snowplow_tracker.self_describing_json.SelfDescribingJson object at 0x000001ED1D6E58B0>]}
[0m18:20:35.843505 [warn ] [MainThread]: [[33mWARNING[0m][MissingArgumentsPropertyInGenericTestDeprecation]: Deprecated
functionality
Found top-level arguments to test `relationships` defined on 'tpch_lineitem' in
package 'dbt_elt_tpch' (models\staging\sources.yml). Arguments to generic tests
should be nested under the `arguments` property.
[0m18:20:35.844625 [debug] [MainThread]: Sending event: {'category': 'dbt', 'action': 'deprecation', 'label': 'f1c9ff98-4cb3-49ee-b354-85db9346632d', 'property_': 'warn', 'context': [<snowplow_tracker.self_describing_json.SelfDescribingJson object at 0x000001ED1DBCB930>]}
[0m18:20:36.170382 [warn ] [MainThread]: [[33mWARNING[0m]: Configuration paths exist in your dbt_project.yml file which do not apply to any resources.
There are 1 unused configuration paths:
- models.dbt_elt_tpch.marts
[0m18:20:36.178162 [debug] [MainThread]: Sending event: {'category': 'dbt', 'action': 'load_project', 'label': 'f1c9ff98-4cb3-49ee-b354-85db9346632d', 'context': [<snowplow_tracker.self_describing_json.SelfDescribingJson object at 0x000001ED1DA7F860>]}
[0m18:20:36.531034 [debug] [MainThread]: Wrote artifact WritableManifest to C:\Users\pc\dbt_elt_tpch\target\manifest.json
[0m18:20:36.538649 [debug] [MainThread]: Wrote artifact SemanticManifest to C:\Users\pc\dbt_elt_tpch\target\semantic_manifest.json
[0m18:20:36.620127 [debug] [MainThread]: Wrote artifact OsiDocument to C:\Users\pc\dbt_elt_tpch\target\osi_document.json
[0m18:20:36.653307 [debug] [MainThread]: Sending event: {'category': 'dbt', 'action': 'resource_counts', 'label': 'f1c9ff98-4cb3-49ee-b354-85db9346632d', 'context': [<snowplow_tracker.self_describing_json.SelfDescribingJson object at 0x000001ED1D707050>]}
[0m18:20:36.654584 [info ] [MainThread]: Found 2 models, 3 data tests, 2 sources, 659 macros
[0m18:20:36.655795 [debug] [MainThread]: Sending event: {'category': 'dbt', 'action': 'runnable_timing', 'label': 'f1c9ff98-4cb3-49ee-b354-85db9346632d', 'context': [<snowplow_tracker.self_describing_json.SelfDescribingJson object at 0x000001ED1D23AE60>]}
[0m18:20:36.660118 [info ] [MainThread]: 
[0m18:20:36.661528 [info ] [MainThread]: Concurrency: 10 threads (target='dev')
[0m18:20:36.662820 [info ] [MainThread]: 
[0m18:20:36.665059 [debug] [MainThread]: Acquiring new snowflake connection 'master'
[0m18:20:36.667959 [debug] [ThreadPool]: Acquiring new snowflake connection 'list_dbt_db'
[0m18:20:36.712416 [debug] [ThreadPool]: Using snowflake connection "list_dbt_db"
[0m18:20:36.713449 [debug] [ThreadPool]: On list_dbt_db: show terse schemas in database dbt_db
    limit 10000
/* {"app": "dbt", "dbt_version": "1.12.0", "profile_name": "dbt_elt_tpch", "target_name": "dev", "connection_name": "list_dbt_db"} */
[0m18:20:36.714300 [debug] [ThreadPool]: Opening a new connection, currently in state init
[0m18:20:38.571548 [debug] [ThreadPool]: SQL status: SUCCESS 3 in 1.857 seconds
[0m18:20:38.598075 [debug] [ThreadPool]: Acquiring new snowflake connection 'list_dbt_db_dbt_schema'
[0m18:20:38.653928 [debug] [ThreadPool]: Using snowflake connection "list_dbt_db_dbt_schema"
[0m18:20:38.655713 [debug] [ThreadPool]: On list_dbt_db_dbt_schema: show objects in dbt_db.dbt_schema
    limit 10000
    

/* {"app": "dbt", "dbt_version": "1.12.0", "profile_name": "dbt_elt_tpch", "target_name": "dev", "connection_name": "list_dbt_db_dbt_schema"} */;
[0m18:20:38.657322 [debug] [ThreadPool]: Opening a new connection, currently in state init
[0m18:20:41.610770 [debug] [ThreadPool]: SQL status: SUCCESS 1 in 2.953 seconds
[0m18:20:41.632802 [debug] [ThreadPool]: Using snowflake connection "list_dbt_db_dbt_schema"
[0m18:20:41.634825 [debug] [ThreadPool]: On list_dbt_db_dbt_schema: show user functions in dbt_db.dbt_schema
/* {"app": "dbt", "dbt_version": "1.12.0", "profile_name": "dbt_elt_tpch", "target_name": "dev", "connection_name": "list_dbt_db_dbt_schema"} */
[0m18:20:41.765992 [debug] [ThreadPool]: SQL status: SUCCESS 0 in 0.129 seconds
[0m18:20:41.778373 [debug] [MainThread]: Sending event: {'category': 'dbt', 'action': 'runnable_timing', 'label': 'f1c9ff98-4cb3-49ee-b354-85db9346632d', 'context': [<snowplow_tracker.self_describing_json.SelfDescribingJson object at 0x000001ED1D43D090>]}
[0m18:20:41.823382 [debug] [Thread-2 (]: Began running node model.dbt_elt_tpch.stg__tpch_line_items
[0m18:20:41.827677 [info ] [Thread-2 (]: 1 of 1 START sql view model dbt_schema.stg__tpch_line_items .................... [RUN]
[0m18:20:41.832095 [debug] [Thread-2 (]: Acquiring new snowflake connection 'model.dbt_elt_tpch.stg__tpch_line_items'
[0m18:20:41.834475 [debug] [Thread-2 (]: Began compiling node model.dbt_elt_tpch.stg__tpch_line_items
[0m18:20:41.893980 [debug] [Thread-2 (]: Writing injected SQL for node "model.dbt_elt_tpch.stg__tpch_line_items"
[0m18:20:41.903085 [debug] [Thread-2 (]: Began executing node model.dbt_elt_tpch.stg__tpch_line_items
[0m18:20:41.995683 [debug] [Thread-2 (]: Writing runtime sql for node "model.dbt_elt_tpch.stg__tpch_line_items"
[0m18:20:41.999649 [debug] [Thread-2 (]: Using snowflake connection "model.dbt_elt_tpch.stg__tpch_line_items"
[0m18:20:42.000518 [debug] [Thread-2 (]: On model.dbt_elt_tpch.stg__tpch_line_items: create or replace   view dbt_db.dbt_schema.stg__tpch_line_items
  
  
  
  
  as (
    select
    md5(cast(coalesce(cast(l_orderkey as TEXT), '_dbt_utils_surrogate_key_null_') || '-' || coalesce(cast(l_linenumber as TEXT), '_dbt_utils_surrogate_key_null_') as TEXT)) as order_item_key,
	l_orderkey as order_key,
	l_partkey as part_key,
	l_linenumber as line_number,
	l_quantity as quantity,
	l_extendedprice as extended_price,
	l_discount as discount_percentage,
	l_tax as tax_rate
from
    snowflake_sample_data.tpch_sf1.lineitem
  )
/* {"app": "dbt", "dbt_version": "1.12.0", "profile_name": "dbt_elt_tpch", "target_name": "dev", "node_id": "model.dbt_elt_tpch.stg__tpch_line_items"} */;
[0m18:20:42.001267 [debug] [Thread-2 (]: Opening a new connection, currently in state init
[0m18:20:43.071231 [debug] [Thread-2 (]: SQL status: SUCCESS 1 in 1.069 seconds
[0m18:20:43.167716 [debug] [Thread-2 (]: Sending event: {'category': 'dbt', 'action': 'run_model', 'label': 'f1c9ff98-4cb3-49ee-b354-85db9346632d', 'context': [<snowplow_tracker.self_describing_json.SelfDescribingJson object at 0x000001ED07F21B50>]}
[0m18:20:43.169081 [info ] [Thread-2 (]: 1 of 1 OK created sql view model dbt_schema.stg__tpch_line_items ............... [[32mSUCCESS 1[0m in 1.33s]
[0m18:20:43.170737 [debug] [Thread-2 (]: Finished running node model.dbt_elt_tpch.stg__tpch_line_items
[0m18:20:43.174546 [debug] [MainThread]: Connection 'master' was properly closed.
[0m18:20:43.175288 [debug] [MainThread]: Connection 'list_dbt_db' was left open.
[0m18:20:43.175997 [debug] [MainThread]: On list_dbt_db: Close
[0m18:20:43.370879 [debug] [MainThread]: Connection 'list_dbt_db_dbt_schema' was left open.
[0m18:20:43.373774 [debug] [MainThread]: On list_dbt_db_dbt_schema: Close
[0m18:20:43.575953 [debug] [MainThread]: Connection 'model.dbt_elt_tpch.stg__tpch_line_items' was left open.
[0m18:20:43.577882 [debug] [MainThread]: On model.dbt_elt_tpch.stg__tpch_line_items: Close
[0m18:20:43.759823 [info ] [MainThread]: 
[0m18:20:43.762520 [info ] [MainThread]: Finished running 1 view model in 0 hours 0 minutes and 7.10 seconds (7.10s).
[0m18:20:43.766998 [debug] [MainThread]: Command end result
[0m18:20:43.947120 [debug] [MainThread]: Wrote artifact WritableManifest to C:\Users\pc\dbt_elt_tpch\target\manifest.json
[0m18:20:43.954102 [debug] [MainThread]: Wrote artifact SemanticManifest to C:\Users\pc\dbt_elt_tpch\target\semantic_manifest.json
[0m18:20:43.963356 [debug] [MainThread]: Wrote artifact OsiDocument to C:\Users\pc\dbt_elt_tpch\target\osi_document.json
[0m18:20:43.978774 [debug] [MainThread]: Wrote artifact RunExecutionResult to C:\Users\pc\dbt_elt_tpch\target\run_results.json
[0m18:20:43.979656 [info ] [MainThread]: 
[0m18:20:43.981187 [info ] [MainThread]: [32mCompleted successfully[0m
[0m18:20:43.982921 [info ] [MainThread]: 
[0m18:20:43.984325 [info ] [MainThread]: Done. PASS=1 WARN=0 ERROR=0 SKIP=0 NO-OP=0 REUSED=0 TOTAL=1
[0m18:20:43.985775 [warn ] [MainThread]: [[33mWARNING[0m][DeprecationsSummary]: Deprecated functionality
Summary of encountered deprecations:
- MissingPlusPrefixDeprecation: 4 occurrences
- MissingArgumentsPropertyInGenericTestDeprecation: 1 occurrence
To see all deprecation instances instead of just the first occurrence of each,
run command again with the `--show-all-deprecations` flag. You may also need to
run with `--no-partial-parse` as some deprecations are only encountered during
parsing.
[0m18:20:43.988645 [debug] [MainThread]: Command `dbt run` succeeded at 18:20:43.988357 after 15.57 seconds
[0m18:20:43.989448 [debug] [MainThread]: Sending event: {'category': 'dbt', 'action': 'invocation', 'label': 'end', 'context': [<snowplow_tracker.self_describing_json.SelfDescribingJson object at 0x000001ED0A388440>, <snowplow_tracker.self_describing_json.SelfDescribingJson object at 0x000001ED01909BE0>, <snowplow_tracker.self_describing_json.SelfDescribingJson object at 0x000001ED1DF069F0>]}
[0m18:20:43.990169 [debug] [MainThread]: Flushing usage events
[0m18:20:45.733250 [debug] [MainThread]: An error was encountered while trying to flush usage events
[0m18:31:00.693206 [debug] [MainThread]: Sending event: {'category': 'dbt', 'action': 'invocation', 'label': 'start', 'context': [<snowplow_tracker.self_describing_json.SelfDescribingJson object at 0x000001B7E704D550>, <snowplow_tracker.self_describing_json.SelfDescribingJson object at 0x000001B7E4B21810>, <snowplow_tracker.self_describing_json.SelfDescribingJson object at 0x000001B7E9A23890>]}


============================== 18:31:00.706754 | 3d5b89dd-1f68-4bd2-aad0-96b4b7738770 ==============================
[0m18:31:00.706754 [info ] [MainThread]: Running with dbt=1.12.0
[0m18:31:00.707513 [debug] [MainThread]: running dbt with arguments {'static_parser': 'True', 'no_print': 'None', 'version_check': 'True', 'target_path': 'None', 'warn_error_options': 'WarnErrorOptionsV2(error=[], warn=[], silence=[])', 'maximum_seed_size_mib': '1', 'printer_width': '80', 'write_json': 'True', 'empty': 'False', 'log_cache_events': 'False', 'introspect': 'True', 'cache_selected_only': 'False', 'log_format': 'default', 'debug': 'False', 'fail_fast': 'False', 'profiles_dir': 'C:\\Users\\pc\\.dbt', 'send_anonymous_usage_stats': 'True', 'quiet': 'False', 'warn_error': 'None', 'partial_parse': 'True', 'use_colors': 'True', 'hints_enabled': 'True', 'indirect_selection': 'eager', 'use_experimental_parser': 'False', 'invocation_command': 'dbt compile -s int_order_items', 'log_path': 'C:\\Users\\pc\\dbt_elt_tpch\\logs'}
[0m18:31:01.969146 [debug] [MainThread]: Snowflake adapter: Setting snowflake.connector to ERROR (file logging only)
[0m18:31:01.969713 [debug] [MainThread]: Snowflake adapter: Setting botocore to ERROR (file logging only)
[0m18:31:01.970162 [debug] [MainThread]: Snowflake adapter: Setting boto3 to ERROR (file logging only)
[0m18:31:02.177002 [warn ] [MainThread]: [[33mWARNING[0m][MissingPlusPrefixDeprecation]: Deprecated functionality
Missing '+' prefix on `snowflake_warehouse` found at
`dbt_elt_tpch.staging.snowflake_warehouse` in file
`C:\Users\pc\dbt_elt_tpch\dbt_project.yml`. Hierarchical config values without a
'+' prefix are deprecated in dbt_project.yml.
[0m18:31:02.177773 [debug] [MainThread]: Sending event: {'category': 'dbt', 'action': 'deprecation', 'label': '3d5b89dd-1f68-4bd2-aad0-96b4b7738770', 'property_': 'warn', 'context': [<snowplow_tracker.self_describing_json.SelfDescribingJson object at 0x000001B7FC6923F0>]}
[0m18:31:02.405019 [debug] [MainThread]: Sending event: {'category': 'dbt', 'action': 'project_id', 'label': '3d5b89dd-1f68-4bd2-aad0-96b4b7738770', 'context': [<snowplow_tracker.self_describing_json.SelfDescribingJson object at 0x000001B7FCB53790>]}
[0m18:31:02.482959 [debug] [MainThread]: Sending event: {'category': 'dbt', 'action': 'adapter_info', 'label': '3d5b89dd-1f68-4bd2-aad0-96b4b7738770', 'context': [<snowplow_tracker.self_describing_json.SelfDescribingJson object at 0x000001B7FC8ECE50>]}
[0m18:31:02.485047 [info ] [MainThread]: Registered adapter: snowflake=1.12.0
[0m18:31:03.045588 [debug] [MainThread]: checksum: 3f97c68dea7470a2a1e4216ff223f1f4cf8a522e47e57870a6fc8d9ecd080023, vars: {}, profile: dbt_elt_tpch, target: dev, version: 1.12.0
[0m18:31:03.292385 [debug] [MainThread]: Partial parsing enabled: 0 files deleted, 1 files added, 0 files changed.
[0m18:31:03.292990 [debug] [MainThread]: Partial parsing: added file: dbt_elt_tpch://models\marts\int_order_items.sql
[0m18:31:03.821887 [debug] [MainThread]: Sending event: {'category': 'dbt', 'action': 'load_project', 'label': '3d5b89dd-1f68-4bd2-aad0-96b4b7738770', 'context': [<snowplow_tracker.self_describing_json.SelfDescribingJson object at 0x000001B7FD1FFC50>]}
[0m18:31:03.990885 [debug] [MainThread]: Wrote artifact WritableManifest to C:\Users\pc\dbt_elt_tpch\target\manifest.json
[0m18:31:03.995651 [debug] [MainThread]: Wrote artifact SemanticManifest to C:\Users\pc\dbt_elt_tpch\target\semantic_manifest.json
[0m18:31:04.041567 [debug] [MainThread]: Wrote artifact OsiDocument to C:\Users\pc\dbt_elt_tpch\target\osi_document.json
[0m18:31:04.059968 [debug] [MainThread]: Sending event: {'category': 'dbt', 'action': 'resource_counts', 'label': '3d5b89dd-1f68-4bd2-aad0-96b4b7738770', 'context': [<snowplow_tracker.self_describing_json.SelfDescribingJson object at 0x000001B7FD404F30>]}
[0m18:31:04.060593 [info ] [MainThread]: Found 3 models, 3 data tests, 2 sources, 659 macros
[0m18:31:04.061123 [debug] [MainThread]: Sending event: {'category': 'dbt', 'action': 'runnable_timing', 'label': '3d5b89dd-1f68-4bd2-aad0-96b4b7738770', 'context': [<snowplow_tracker.self_describing_json.SelfDescribingJson object at 0x000001B7FD4BEDD0>]}
[0m18:31:04.063220 [info ] [MainThread]: 
[0m18:31:04.063771 [info ] [MainThread]: Concurrency: 10 threads (target='dev')
[0m18:31:04.064454 [info ] [MainThread]: 
[0m18:31:04.065154 [debug] [MainThread]: Acquiring new snowflake connection 'master'
[0m18:31:04.070255 [debug] [ThreadPool]: Acquiring new snowflake connection 'list_dbt_db_dbt_schema'
[0m18:31:04.092693 [debug] [ThreadPool]: Using snowflake connection "list_dbt_db_dbt_schema"
[0m18:31:04.093217 [debug] [ThreadPool]: On list_dbt_db_dbt_schema: show objects in dbt_db.dbt_schema
    limit 10000
    

/* {"app": "dbt", "dbt_version": "1.12.0", "profile_name": "dbt_elt_tpch", "target_name": "dev", "connection_name": "list_dbt_db_dbt_schema"} */;
[0m18:31:04.093679 [debug] [ThreadPool]: Opening a new connection, currently in state init
[0m18:31:05.634580 [debug] [ThreadPool]: SQL status: SUCCESS 2 in 1.541 seconds
[0m18:31:05.644855 [debug] [ThreadPool]: Using snowflake connection "list_dbt_db_dbt_schema"
[0m18:31:05.645349 [debug] [ThreadPool]: On list_dbt_db_dbt_schema: show user functions in dbt_db.dbt_schema
/* {"app": "dbt", "dbt_version": "1.12.0", "profile_name": "dbt_elt_tpch", "target_name": "dev", "connection_name": "list_dbt_db_dbt_schema"} */
[0m18:31:05.775772 [debug] [ThreadPool]: SQL status: SUCCESS 0 in 0.130 seconds
[0m18:31:05.778974 [debug] [MainThread]: Sending event: {'category': 'dbt', 'action': 'runnable_timing', 'label': '3d5b89dd-1f68-4bd2-aad0-96b4b7738770', 'context': [<snowplow_tracker.self_describing_json.SelfDescribingJson object at 0x000001B7FCFCB650>]}
[0m18:31:05.787988 [debug] [Thread-2 (]: Began running node model.dbt_elt_tpch.int_order_items
[0m18:31:05.788710 [debug] [Thread-2 (]: Acquiring new snowflake connection 'model.dbt_elt_tpch.int_order_items'
[0m18:31:05.789245 [debug] [Thread-2 (]: Began compiling node model.dbt_elt_tpch.int_order_items
[0m18:31:05.796885 [debug] [Thread-2 (]: Writing injected SQL for node "model.dbt_elt_tpch.int_order_items"
[0m18:31:05.799268 [debug] [Thread-2 (]: Began executing node model.dbt_elt_tpch.int_order_items
[0m18:31:05.800501 [debug] [Thread-2 (]: Finished running node model.dbt_elt_tpch.int_order_items
[0m18:31:05.802436 [debug] [MainThread]: Connection 'master' was properly closed.
[0m18:31:05.802973 [debug] [MainThread]: Connection 'list_dbt_db_dbt_schema' was left open.
[0m18:31:05.803409 [debug] [MainThread]: On list_dbt_db_dbt_schema: Close
[0m18:31:05.952834 [debug] [MainThread]: Connection 'model.dbt_elt_tpch.int_order_items' was properly closed.
[0m18:31:05.956247 [debug] [MainThread]: Command end result
[0m18:31:06.021931 [debug] [MainThread]: Wrote artifact WritableManifest to C:\Users\pc\dbt_elt_tpch\target\manifest.json
[0m18:31:06.026117 [debug] [MainThread]: Wrote artifact SemanticManifest to C:\Users\pc\dbt_elt_tpch\target\semantic_manifest.json
[0m18:31:06.030128 [debug] [MainThread]: Wrote artifact OsiDocument to C:\Users\pc\dbt_elt_tpch\target\osi_document.json
[0m18:31:06.039033 [debug] [MainThread]: Wrote artifact RunExecutionResult to C:\Users\pc\dbt_elt_tpch\target\run_results.json
[0m18:31:06.039545 [info ] [MainThread]: Compiled node 'int_order_items' is:
select
    li.order_item_key,
    li.part_key,
    li.line_number,
    li.extended_price,
    o.order_key,
    o.customer_key,
    o.order_date,
    li.extended_price * li.discount_percentage as item_discount_amount
from
    dbt_db.dbt_schema.stg__tpch_orders o
join
    dbt_db.dbt_schema.stg__tpch_line_items li
        on o.order_key = li.order_key
order by
    o.order_date
[0m18:31:06.040439 [warn ] [MainThread]: [[33mWARNING[0m][DeprecationsSummary]: Deprecated functionality
Summary of encountered deprecations:
- MissingPlusPrefixDeprecation: 4 occurrences
To see all deprecation instances instead of just the first occurrence of each,
run command again with the `--show-all-deprecations` flag. You may also need to
run with `--no-partial-parse` as some deprecations are only encountered during
parsing.
[0m18:31:06.041948 [debug] [MainThread]: Command `dbt compile` succeeded at 18:31:06.041790 after 5.60 seconds
[0m18:31:06.042429 [debug] [MainThread]: Sending event: {'category': 'dbt', 'action': 'invocation', 'label': 'end', 'context': [<snowplow_tracker.self_describing_json.SelfDescribingJson object at 0x000001B7FD6945D0>, <snowplow_tracker.self_describing_json.SelfDescribingJson object at 0x000001B7FC6099F0>, <snowplow_tracker.self_describing_json.SelfDescribingJson object at 0x000001B7FD3D22B0>]}
[0m18:31:06.042903 [debug] [MainThread]: Flushing usage events
[0m18:31:07.065023 [debug] [MainThread]: An error was encountered while trying to flush usage events
[0m18:31:17.908844 [debug] [MainThread]: Sending event: {'category': 'dbt', 'action': 'invocation', 'label': 'start', 'context': [<snowplow_tracker.self_describing_json.SelfDescribingJson object at 0x00000210960F9550>, <snowplow_tracker.self_describing_json.SelfDescribingJson object at 0x0000021093BC5810>, <snowplow_tracker.self_describing_json.SelfDescribingJson object at 0x0000021098AC3890>]}


============================== 18:31:17.920574 | 0358e000-9ad5-4f40-97a5-ce5898760327 ==============================
[0m18:31:17.920574 [info ] [MainThread]: Running with dbt=1.12.0
[0m18:31:17.921817 [debug] [MainThread]: running dbt with arguments {'maximum_seed_size_mib': '1', 'no_print': 'None', 'static_parser': 'True', 'warn_error_options': 'WarnErrorOptionsV2(error=[], warn=[], silence=[])', 'target_path': 'None', 'version_check': 'True', 'printer_width': '80', 'write_json': 'True', 'introspect': 'True', 'log_cache_events': 'False', 'empty': 'False', 'cache_selected_only': 'False', 'fail_fast': 'False', 'debug': 'False', 'log_format': 'default', 'partial_parse': 'True', 'send_anonymous_usage_stats': 'True', 'quiet': 'False', 'warn_error': 'None', 'profiles_dir': 'C:\\Users\\pc\\.dbt', 'invocation_command': 'dbt run -s int_order_items', 'hints_enabled': 'True', 'use_colors': 'True', 'use_experimental_parser': 'False', 'indirect_selection': 'eager', 'log_path': 'C:\\Users\\pc\\dbt_elt_tpch\\logs'}
[0m18:31:18.800487 [debug] [MainThread]: Snowflake adapter: Setting snowflake.connector to ERROR (file logging only)
[0m18:31:18.801103 [debug] [MainThread]: Snowflake adapter: Setting botocore to ERROR (file logging only)
[0m18:31:18.801538 [debug] [MainThread]: Snowflake adapter: Setting boto3 to ERROR (file logging only)
[0m18:31:19.018249 [warn ] [MainThread]: [[33mWARNING[0m][MissingPlusPrefixDeprecation]: Deprecated functionality
Missing '+' prefix on `snowflake_warehouse` found at
`dbt_elt_tpch.marts.snowflake_warehouse` in file
`C:\Users\pc\dbt_elt_tpch\dbt_project.yml`. Hierarchical config values without a
'+' prefix are deprecated in dbt_project.yml.
[0m18:31:19.019191 [debug] [MainThread]: Sending event: {'category': 'dbt', 'action': 'deprecation', 'label': '0358e000-9ad5-4f40-97a5-ce5898760327', 'property_': 'warn', 'context': [<snowplow_tracker.self_describing_json.SelfDescribingJson object at 0x00000210AB72E3F0>]}
[0m18:31:19.231669 [debug] [MainThread]: Sending event: {'category': 'dbt', 'action': 'project_id', 'label': '0358e000-9ad5-4f40-97a5-ce5898760327', 'context': [<snowplow_tracker.self_describing_json.SelfDescribingJson object at 0x00000210ABBE3790>]}
[0m18:31:19.315111 [debug] [MainThread]: Sending event: {'category': 'dbt', 'action': 'adapter_info', 'label': '0358e000-9ad5-4f40-97a5-ce5898760327', 'context': [<snowplow_tracker.self_describing_json.SelfDescribingJson object at 0x00000210AB978E50>]}
[0m18:31:19.317069 [info ] [MainThread]: Registered adapter: snowflake=1.12.0
[0m18:31:19.934883 [debug] [MainThread]: checksum: 3f97c68dea7470a2a1e4216ff223f1f4cf8a522e47e57870a6fc8d9ecd080023, vars: {}, profile: dbt_elt_tpch, target: dev, version: 1.12.0
[0m18:31:20.347631 [debug] [MainThread]: Partial parsing enabled: 0 files deleted, 0 files added, 0 files changed.
[0m18:31:20.348174 [debug] [MainThread]: Nothing changed, skipping partial parsing.
[0m18:31:20.348555 [debug] [MainThread]: Partial parsing enabled, no changes found, skipping parsing
[0m18:31:20.359861 [debug] [MainThread]: Sending event: {'category': 'dbt', 'action': 'load_project', 'label': '0358e000-9ad5-4f40-97a5-ce5898760327', 'context': [<snowplow_tracker.self_describing_json.SelfDescribingJson object at 0x00000210ABF56C60>]}
[0m18:31:20.548015 [debug] [MainThread]: Wrote artifact WritableManifest to C:\Users\pc\dbt_elt_tpch\target\manifest.json
[0m18:31:20.552416 [debug] [MainThread]: Wrote artifact SemanticManifest to C:\Users\pc\dbt_elt_tpch\target\semantic_manifest.json
[0m18:31:20.593001 [debug] [MainThread]: Wrote artifact OsiDocument to C:\Users\pc\dbt_elt_tpch\target\osi_document.json
[0m18:31:20.618783 [debug] [MainThread]: Sending event: {'category': 'dbt', 'action': 'resource_counts', 'label': '0358e000-9ad5-4f40-97a5-ce5898760327', 'context': [<snowplow_tracker.self_describing_json.SelfDescribingJson object at 0x00000210AC25F310>]}
[0m18:31:20.619412 [info ] [MainThread]: Found 3 models, 3 data tests, 2 sources, 659 macros
[0m18:31:20.620156 [debug] [MainThread]: Sending event: {'category': 'dbt', 'action': 'runnable_timing', 'label': '0358e000-9ad5-4f40-97a5-ce5898760327', 'context': [<snowplow_tracker.self_describing_json.SelfDescribingJson object at 0x00000210ABF2E270>]}
[0m18:31:20.623058 [info ] [MainThread]: 
[0m18:31:20.623713 [info ] [MainThread]: Concurrency: 10 threads (target='dev')
[0m18:31:20.624275 [info ] [MainThread]: 
[0m18:31:20.625024 [debug] [MainThread]: Acquiring new snowflake connection 'master'
[0m18:31:20.626122 [debug] [ThreadPool]: Acquiring new snowflake connection 'list_dbt_db'
[0m18:31:20.657071 [debug] [ThreadPool]: Using snowflake connection "list_dbt_db"
[0m18:31:20.657627 [debug] [ThreadPool]: On list_dbt_db: show terse schemas in database dbt_db
    limit 10000
/* {"app": "dbt", "dbt_version": "1.12.0", "profile_name": "dbt_elt_tpch", "target_name": "dev", "connection_name": "list_dbt_db"} */
[0m18:31:20.658050 [debug] [ThreadPool]: Opening a new connection, currently in state init
[0m18:31:22.083180 [debug] [ThreadPool]: SQL status: SUCCESS 3 in 1.425 seconds
[0m18:31:22.091246 [debug] [ThreadPool]: Acquiring new snowflake connection 'list_dbt_db_dbt_schema'
[0m18:31:22.104409 [debug] [ThreadPool]: Using snowflake connection "list_dbt_db_dbt_schema"
[0m18:31:22.104901 [debug] [ThreadPool]: On list_dbt_db_dbt_schema: show objects in dbt_db.dbt_schema
    limit 10000
    

/* {"app": "dbt", "dbt_version": "1.12.0", "profile_name": "dbt_elt_tpch", "target_name": "dev", "connection_name": "list_dbt_db_dbt_schema"} */;
[0m18:31:22.105287 [debug] [ThreadPool]: Opening a new connection, currently in state init
[0m18:31:22.604816 [debug] [ThreadPool]: SQL status: SUCCESS 2 in 0.499 seconds
[0m18:31:22.612715 [debug] [ThreadPool]: Using snowflake connection "list_dbt_db_dbt_schema"
[0m18:31:22.613200 [debug] [ThreadPool]: On list_dbt_db_dbt_schema: show user functions in dbt_db.dbt_schema
/* {"app": "dbt", "dbt_version": "1.12.0", "profile_name": "dbt_elt_tpch", "target_name": "dev", "connection_name": "list_dbt_db_dbt_schema"} */
[0m18:31:22.730770 [debug] [ThreadPool]: SQL status: SUCCESS 0 in 0.117 seconds
[0m18:31:22.734788 [debug] [MainThread]: Sending event: {'category': 'dbt', 'action': 'runnable_timing', 'label': '0358e000-9ad5-4f40-97a5-ce5898760327', 'context': [<snowplow_tracker.self_describing_json.SelfDescribingJson object at 0x00000210AC40BAD0>]}
[0m18:31:22.742876 [debug] [Thread-2 (]: Began running node model.dbt_elt_tpch.int_order_items
[0m18:31:22.743564 [info ] [Thread-2 (]: 1 of 1 START sql table model dbt_schema.int_order_items ........................ [RUN]
[0m18:31:22.744439 [debug] [Thread-2 (]: Acquiring new snowflake connection 'model.dbt_elt_tpch.int_order_items'
[0m18:31:22.744883 [debug] [Thread-2 (]: Began compiling node model.dbt_elt_tpch.int_order_items
[0m18:31:22.752000 [debug] [Thread-2 (]: Writing injected SQL for node "model.dbt_elt_tpch.int_order_items"
[0m18:31:22.753354 [debug] [Thread-2 (]: Began executing node model.dbt_elt_tpch.int_order_items
[0m18:31:22.798764 [debug] [Thread-2 (]: Writing runtime sql for node "model.dbt_elt_tpch.int_order_items"
[0m18:31:22.801150 [debug] [Thread-2 (]: Using snowflake connection "model.dbt_elt_tpch.int_order_items"
[0m18:31:22.801735 [debug] [Thread-2 (]: On model.dbt_elt_tpch.int_order_items: create or replace transient table dbt_db.dbt_schema.int_order_items
    
    
    
    
    

    as (select
    li.order_item_key,
    li.part_key,
    li.line_number,
    li.extended_price,
    o.order_key,
    o.customer_key,
    o.order_date,
    li.extended_price * li.discount_percentage as item_discount_amount
from
    dbt_db.dbt_schema.stg__tpch_orders o
join
    dbt_db.dbt_schema.stg__tpch_line_items li
        on o.order_key = li.order_key
order by
    o.order_date
    )

/* {"app": "dbt", "dbt_version": "1.12.0", "profile_name": "dbt_elt_tpch", "target_name": "dev", "node_id": "model.dbt_elt_tpch.int_order_items"} */;
[0m18:31:22.802252 [debug] [Thread-2 (]: Opening a new connection, currently in state init
[0m18:31:28.642401 [debug] [Thread-2 (]: SQL status: SUCCESS 6001215 in 5.840 seconds
[0m18:31:28.670348 [debug] [Thread-2 (]: Sending event: {'category': 'dbt', 'action': 'run_model', 'label': '0358e000-9ad5-4f40-97a5-ce5898760327', 'context': [<snowplow_tracker.self_describing_json.SelfDescribingJson object at 0x00000210967A5FF0>]}
[0m18:31:28.671210 [info ] [Thread-2 (]: 1 of 1 OK created sql table model dbt_schema.int_order_items ................... [[32mSUCCESS 6001215[0m in 5.92s]
[0m18:31:28.672203 [debug] [Thread-2 (]: Finished running node model.dbt_elt_tpch.int_order_items
[0m18:31:28.674241 [debug] [MainThread]: Connection 'master' was properly closed.
[0m18:31:28.674643 [debug] [MainThread]: Connection 'list_dbt_db' was left open.
[0m18:31:28.675016 [debug] [MainThread]: On list_dbt_db: Close
[0m18:31:28.840716 [debug] [MainThread]: Connection 'list_dbt_db_dbt_schema' was left open.
[0m18:31:28.841519 [debug] [MainThread]: On list_dbt_db_dbt_schema: Close
[0m18:31:29.008081 [debug] [MainThread]: Connection 'model.dbt_elt_tpch.int_order_items' was left open.
[0m18:31:29.009797 [debug] [MainThread]: On model.dbt_elt_tpch.int_order_items: Close
[0m18:31:29.202324 [info ] [MainThread]: 
[0m18:31:29.203224 [info ] [MainThread]: Finished running 1 table model in 0 hours 0 minutes and 8.58 seconds (8.58s).
[0m18:31:29.205226 [debug] [MainThread]: Command end result
[0m18:31:29.262005 [debug] [MainThread]: Wrote artifact WritableManifest to C:\Users\pc\dbt_elt_tpch\target\manifest.json
[0m18:31:29.266083 [debug] [MainThread]: Wrote artifact SemanticManifest to C:\Users\pc\dbt_elt_tpch\target\semantic_manifest.json
[0m18:31:29.269974 [debug] [MainThread]: Wrote artifact OsiDocument to C:\Users\pc\dbt_elt_tpch\target\osi_document.json
[0m18:31:29.278021 [debug] [MainThread]: Wrote artifact RunExecutionResult to C:\Users\pc\dbt_elt_tpch\target\run_results.json
[0m18:31:29.278459 [info ] [MainThread]: 
[0m18:31:29.279067 [info ] [MainThread]: [32mCompleted successfully[0m
[0m18:31:29.279659 [info ] [MainThread]: 
[0m18:31:29.280223 [info ] [MainThread]: Done. PASS=1 WARN=0 ERROR=0 SKIP=0 NO-OP=0 REUSED=0 TOTAL=1
[0m18:31:29.281126 [warn ] [MainThread]: [[33mWARNING[0m][DeprecationsSummary]: Deprecated functionality
Summary of encountered deprecations:
- MissingPlusPrefixDeprecation: 4 occurrences
To see all deprecation instances instead of just the first occurrence of each,
run command again with the `--show-all-deprecations` flag. You may also need to
run with `--no-partial-parse` as some deprecations are only encountered during
parsing.
[0m18:31:29.282627 [debug] [MainThread]: Command `dbt run` succeeded at 18:31:29.282481 after 11.56 seconds
[0m18:31:29.283086 [debug] [MainThread]: Sending event: {'category': 'dbt', 'action': 'invocation', 'label': 'end', 'context': [<snowplow_tracker.self_describing_json.SelfDescribingJson object at 0x0000021090E10870>, <snowplow_tracker.self_describing_json.SelfDescribingJson object at 0x00000210AC447800>, <snowplow_tracker.self_describing_json.SelfDescribingJson object at 0x00000210ABEEBC50>]}
[0m18:31:29.283515 [debug] [MainThread]: Flushing usage events
[0m18:31:30.266946 [debug] [MainThread]: An error was encountered while trying to flush usage events
[0m18:32:56.942575 [debug] [MainThread]: Sending event: {'category': 'dbt', 'action': 'invocation', 'label': 'start', 'context': [<snowplow_tracker.self_describing_json.SelfDescribingJson object at 0x00000203F5669550>, <snowplow_tracker.self_describing_json.SelfDescribingJson object at 0x00000203F31416D0>, <snowplow_tracker.self_describing_json.SelfDescribingJson object at 0x00000203F8033890>]}


============================== 18:32:56.953875 | d1c73433-ec96-42d6-b623-53c38b255671 ==============================
[0m18:32:56.953875 [info ] [MainThread]: Running with dbt=1.12.0
[0m18:32:56.954702 [debug] [MainThread]: running dbt with arguments {'static_parser': 'True', 'no_print': 'None', 'version_check': 'True', 'warn_error_options': 'WarnErrorOptionsV2(error=[], warn=[], silence=[])', 'target_path': 'None', 'maximum_seed_size_mib': '1', 'printer_width': '80', 'write_json': 'True', 'introspect': 'True', 'log_cache_events': 'False', 'empty': 'False', 'cache_selected_only': 'False', 'log_format': 'default', 'debug': 'False', 'fail_fast': 'False', 'partial_parse': 'True', 'send_anonymous_usage_stats': 'True', 'quiet': 'False', 'warn_error': 'None', 'profiles_dir': 'C:\\Users\\pc\\.dbt', 'indirect_selection': 'eager', 'hints_enabled': 'True', 'use_colors': 'True', 'use_experimental_parser': 'False', 'invocation_command': 'dbt run -s int_orders_items', 'log_path': 'C:\\Users\\pc\\dbt_elt_tpch\\logs'}
[0m18:32:57.737275 [debug] [MainThread]: Snowflake adapter: Setting snowflake.connector to ERROR (file logging only)
[0m18:32:57.737875 [debug] [MainThread]: Snowflake adapter: Setting botocore to ERROR (file logging only)
[0m18:32:57.738274 [debug] [MainThread]: Snowflake adapter: Setting boto3 to ERROR (file logging only)
[0m18:32:57.925469 [warn ] [MainThread]: [[33mWARNING[0m][MissingPlusPrefixDeprecation]: Deprecated functionality
Missing '+' prefix on `materialized` found at
`dbt_elt_tpch.staging.materialized` in file
`C:\Users\pc\dbt_elt_tpch\dbt_project.yml`. Hierarchical config values without a
'+' prefix are deprecated in dbt_project.yml.
[0m18:32:57.926248 [debug] [MainThread]: Sending event: {'category': 'dbt', 'action': 'deprecation', 'label': 'd1c73433-ec96-42d6-b623-53c38b255671', 'property_': 'warn', 'context': [<snowplow_tracker.self_describing_json.SelfDescribingJson object at 0x00000203FFCDA3F0>]}
[0m18:32:58.116654 [debug] [MainThread]: Sending event: {'category': 'dbt', 'action': 'project_id', 'label': 'd1c73433-ec96-42d6-b623-53c38b255671', 'context': [<snowplow_tracker.self_describing_json.SelfDescribingJson object at 0x000002038B1C3790>]}
[0m18:32:58.194562 [debug] [MainThread]: Sending event: {'category': 'dbt', 'action': 'adapter_info', 'label': 'd1c73433-ec96-42d6-b623-53c38b255671', 'context': [<snowplow_tracker.self_describing_json.SelfDescribingJson object at 0x00000203FFF28E50>]}
[0m18:32:58.196466 [info ] [MainThread]: Registered adapter: snowflake=1.12.0
[0m18:32:58.732224 [debug] [MainThread]: checksum: 3f97c68dea7470a2a1e4216ff223f1f4cf8a522e47e57870a6fc8d9ecd080023, vars: {}, profile: dbt_elt_tpch, target: dev, version: 1.12.0
[0m18:32:58.948214 [debug] [MainThread]: Partial parsing enabled: 0 files deleted, 0 files added, 0 files changed.
[0m18:32:58.948686 [debug] [MainThread]: Nothing changed, skipping partial parsing.
[0m18:32:58.949033 [debug] [MainThread]: Partial parsing enabled, no changes found, skipping parsing
[0m18:32:58.959772 [debug] [MainThread]: Sending event: {'category': 'dbt', 'action': 'load_project', 'label': 'd1c73433-ec96-42d6-b623-53c38b255671', 'context': [<snowplow_tracker.self_describing_json.SelfDescribingJson object at 0x000002038B536C60>]}
[0m18:32:59.138249 [debug] [MainThread]: Wrote artifact WritableManifest to C:\Users\pc\dbt_elt_tpch\target\manifest.json
[0m18:32:59.142321 [debug] [MainThread]: Wrote artifact SemanticManifest to C:\Users\pc\dbt_elt_tpch\target\semantic_manifest.json
[0m18:32:59.177213 [debug] [MainThread]: Wrote artifact OsiDocument to C:\Users\pc\dbt_elt_tpch\target\osi_document.json
[0m18:32:59.191928 [debug] [MainThread]: Sending event: {'category': 'dbt', 'action': 'resource_counts', 'label': 'd1c73433-ec96-42d6-b623-53c38b255671', 'context': [<snowplow_tracker.self_describing_json.SelfDescribingJson object at 0x000002038B80F310>]}
[0m18:32:59.192570 [info ] [MainThread]: Found 3 models, 3 data tests, 2 sources, 659 macros
[0m18:32:59.193093 [debug] [MainThread]: Sending event: {'category': 'dbt', 'action': 'runnable_timing', 'label': 'd1c73433-ec96-42d6-b623-53c38b255671', 'context': [<snowplow_tracker.self_describing_json.SelfDescribingJson object at 0x000002038B506270>]}
[0m18:32:59.193827 [warn ] [MainThread]: [[33mWARNING[0m]: The selection criterion 'int_orders_items' does not match any enabled nodes
[0m18:32:59.195415 [warn ] [MainThread]: [[33mWARNING[0m]: Nothing to do. Try checking your model configs and model specification args
[0m18:32:59.197807 [debug] [MainThread]: Command end result
[0m18:32:59.255105 [debug] [MainThread]: Wrote artifact WritableManifest to C:\Users\pc\dbt_elt_tpch\target\manifest.json
[0m18:32:59.258981 [debug] [MainThread]: Wrote artifact SemanticManifest to C:\Users\pc\dbt_elt_tpch\target\semantic_manifest.json
[0m18:32:59.262866 [debug] [MainThread]: Wrote artifact OsiDocument to C:\Users\pc\dbt_elt_tpch\target\osi_document.json
[0m18:32:59.267765 [debug] [MainThread]: Wrote artifact RunExecutionResult to C:\Users\pc\dbt_elt_tpch\target\run_results.json
[0m18:32:59.268473 [warn ] [MainThread]: [[33mWARNING[0m][DeprecationsSummary]: Deprecated functionality
Summary of encountered deprecations:
- MissingPlusPrefixDeprecation: 4 occurrences
To see all deprecation instances instead of just the first occurrence of each,
run command again with the `--show-all-deprecations` flag. You may also need to
run with `--no-partial-parse` as some deprecations are only encountered during
parsing.
[0m18:32:59.270053 [debug] [MainThread]: Command `dbt run` succeeded at 18:32:59.269906 after 2.55 seconds
[0m18:32:59.270510 [debug] [MainThread]: Sending event: {'category': 'dbt', 'action': 'invocation', 'label': 'end', 'context': [<snowplow_tracker.self_describing_json.SelfDescribingJson object at 0x000002038B556810>, <snowplow_tracker.self_describing_json.SelfDescribingJson object at 0x000002038B888E10>, <snowplow_tracker.self_describing_json.SelfDescribingJson object at 0x000002038B889180>]}
[0m18:32:59.270958 [debug] [MainThread]: Flushing usage events
[0m18:33:00.325743 [debug] [MainThread]: An error was encountered while trying to flush usage events
[0m18:33:07.817414 [debug] [MainThread]: Sending event: {'category': 'dbt', 'action': 'invocation', 'label': 'start', 'context': [<snowplow_tracker.self_describing_json.SelfDescribingJson object at 0x00000234027E1550>, <snowplow_tracker.self_describing_json.SelfDescribingJson object at 0x00000234003056D0>, <snowplow_tracker.self_describing_json.SelfDescribingJson object at 0x00000234051B3890>]}


============================== 18:33:07.828608 | e1e1ff43-3ada-4683-a5d6-0aec993abf77 ==============================
[0m18:33:07.828608 [info ] [MainThread]: Running with dbt=1.12.0
[0m18:33:07.829373 [debug] [MainThread]: running dbt with arguments {'maximum_seed_size_mib': '1', 'no_print': 'None', 'static_parser': 'True', 'warn_error_options': 'WarnErrorOptionsV2(error=[], warn=[], silence=[])', 'target_path': 'None', 'version_check': 'True', 'printer_width': '80', 'write_json': 'True', 'empty': 'False', 'log_cache_events': 'False', 'introspect': 'True', 'cache_selected_only': 'False', 'log_format': 'default', 'debug': 'False', 'fail_fast': 'False', 'partial_parse': 'True', 'send_anonymous_usage_stats': 'True', 'quiet': 'False', 'warn_error': 'None', 'profiles_dir': 'C:\\Users\\pc\\.dbt', 'indirect_selection': 'eager', 'hints_enabled': 'True', 'invocation_command': 'dbt run -s int_order_items', 'use_experimental_parser': 'False', 'use_colors': 'True', 'log_path': 'C:\\Users\\pc\\dbt_elt_tpch\\logs'}
[0m18:33:08.613301 [debug] [MainThread]: Snowflake adapter: Setting snowflake.connector to ERROR (file logging only)
[0m18:33:08.613867 [debug] [MainThread]: Snowflake adapter: Setting botocore to ERROR (file logging only)
[0m18:33:08.614287 [debug] [MainThread]: Snowflake adapter: Setting boto3 to ERROR (file logging only)
[0m18:33:08.808920 [warn ] [MainThread]: [[33mWARNING[0m][MissingPlusPrefixDeprecation]: Deprecated functionality
Missing '+' prefix on `materialized` found at
`dbt_elt_tpch.staging.materialized` in file
`C:\Users\pc\dbt_elt_tpch\dbt_project.yml`. Hierarchical config values without a
'+' prefix are deprecated in dbt_project.yml.
[0m18:33:08.809651 [debug] [MainThread]: Sending event: {'category': 'dbt', 'action': 'deprecation', 'label': 'e1e1ff43-3ada-4683-a5d6-0aec993abf77', 'property_': 'warn', 'context': [<snowplow_tracker.self_describing_json.SelfDescribingJson object at 0x0000023417EDA3F0>]}
[0m18:33:09.003449 [debug] [MainThread]: Sending event: {'category': 'dbt', 'action': 'project_id', 'label': 'e1e1ff43-3ada-4683-a5d6-0aec993abf77', 'context': [<snowplow_tracker.self_describing_json.SelfDescribingJson object at 0x0000023418393790>]}
[0m18:33:09.082022 [debug] [MainThread]: Sending event: {'category': 'dbt', 'action': 'adapter_info', 'label': 'e1e1ff43-3ada-4683-a5d6-0aec993abf77', 'context': [<snowplow_tracker.self_describing_json.SelfDescribingJson object at 0x0000023418128E50>]}
[0m18:33:09.083986 [info ] [MainThread]: Registered adapter: snowflake=1.12.0
[0m18:33:09.621533 [debug] [MainThread]: checksum: 3f97c68dea7470a2a1e4216ff223f1f4cf8a522e47e57870a6fc8d9ecd080023, vars: {}, profile: dbt_elt_tpch, target: dev, version: 1.12.0
[0m18:33:09.836584 [debug] [MainThread]: Partial parsing enabled: 0 files deleted, 0 files added, 0 files changed.
[0m18:33:09.837045 [debug] [MainThread]: Nothing changed, skipping partial parsing.
[0m18:33:09.837377 [debug] [MainThread]: Partial parsing enabled, no changes found, skipping parsing
[0m18:33:09.847888 [debug] [MainThread]: Sending event: {'category': 'dbt', 'action': 'load_project', 'label': 'e1e1ff43-3ada-4683-a5d6-0aec993abf77', 'context': [<snowplow_tracker.self_describing_json.SelfDescribingJson object at 0x0000023418702C60>]}
[0m18:33:10.024950 [debug] [MainThread]: Wrote artifact WritableManifest to C:\Users\pc\dbt_elt_tpch\target\manifest.json
[0m18:33:10.029144 [debug] [MainThread]: Wrote artifact SemanticManifest to C:\Users\pc\dbt_elt_tpch\target\semantic_manifest.json
[0m18:33:10.063375 [debug] [MainThread]: Wrote artifact OsiDocument to C:\Users\pc\dbt_elt_tpch\target\osi_document.json
[0m18:33:10.078281 [debug] [MainThread]: Sending event: {'category': 'dbt', 'action': 'resource_counts', 'label': 'e1e1ff43-3ada-4683-a5d6-0aec993abf77', 'context': [<snowplow_tracker.self_describing_json.SelfDescribingJson object at 0x00000234189DF310>]}
[0m18:33:10.078871 [info ] [MainThread]: Found 3 models, 3 data tests, 2 sources, 659 macros
[0m18:33:10.079425 [debug] [MainThread]: Sending event: {'category': 'dbt', 'action': 'runnable_timing', 'label': 'e1e1ff43-3ada-4683-a5d6-0aec993abf77', 'context': [<snowplow_tracker.self_describing_json.SelfDescribingJson object at 0x00000234186D6270>]}
[0m18:33:10.081338 [info ] [MainThread]: 
[0m18:33:10.081891 [info ] [MainThread]: Concurrency: 10 threads (target='dev')
[0m18:33:10.082313 [info ] [MainThread]: 
[0m18:33:10.082945 [debug] [MainThread]: Acquiring new snowflake connection 'master'
[0m18:33:10.083969 [debug] [ThreadPool]: Acquiring new snowflake connection 'list_dbt_db'
[0m18:33:10.105130 [debug] [ThreadPool]: Using snowflake connection "list_dbt_db"
[0m18:33:10.105584 [debug] [ThreadPool]: On list_dbt_db: show terse schemas in database dbt_db
    limit 10000
/* {"app": "dbt", "dbt_version": "1.12.0", "profile_name": "dbt_elt_tpch", "target_name": "dev", "connection_name": "list_dbt_db"} */
[0m18:33:10.105963 [debug] [ThreadPool]: Opening a new connection, currently in state init
[0m18:33:13.490098 [debug] [ThreadPool]: SQL status: SUCCESS 3 in 3.384 seconds
[0m18:33:13.498187 [debug] [ThreadPool]: Acquiring new snowflake connection 'list_dbt_db_dbt_schema'
[0m18:33:13.511703 [debug] [ThreadPool]: Using snowflake connection "list_dbt_db_dbt_schema"
[0m18:33:13.512145 [debug] [ThreadPool]: On list_dbt_db_dbt_schema: show objects in dbt_db.dbt_schema
    limit 10000
    

/* {"app": "dbt", "dbt_version": "1.12.0", "profile_name": "dbt_elt_tpch", "target_name": "dev", "connection_name": "list_dbt_db_dbt_schema"} */;
[0m18:33:13.512601 [debug] [ThreadPool]: Opening a new connection, currently in state init
[0m18:33:14.658900 [debug] [ThreadPool]: SQL status: SUCCESS 3 in 1.146 seconds
[0m18:33:14.666971 [debug] [ThreadPool]: Using snowflake connection "list_dbt_db_dbt_schema"
[0m18:33:14.667538 [debug] [ThreadPool]: On list_dbt_db_dbt_schema: show user functions in dbt_db.dbt_schema
/* {"app": "dbt", "dbt_version": "1.12.0", "profile_name": "dbt_elt_tpch", "target_name": "dev", "connection_name": "list_dbt_db_dbt_schema"} */
[0m18:33:14.797897 [debug] [ThreadPool]: SQL status: SUCCESS 0 in 0.130 seconds
[0m18:33:14.807924 [debug] [MainThread]: Sending event: {'category': 'dbt', 'action': 'runnable_timing', 'label': 'e1e1ff43-3ada-4683-a5d6-0aec993abf77', 'context': [<snowplow_tracker.self_describing_json.SelfDescribingJson object at 0x0000023418BBBAD0>]}
[0m18:33:14.832092 [debug] [Thread-2 (]: Began running node model.dbt_elt_tpch.int_order_items
[0m18:33:14.833382 [info ] [Thread-2 (]: 1 of 1 START sql table model dbt_schema.int_order_items ........................ [RUN]
[0m18:33:14.834640 [debug] [Thread-2 (]: Acquiring new snowflake connection 'model.dbt_elt_tpch.int_order_items'
[0m18:33:14.835373 [debug] [Thread-2 (]: Began compiling node model.dbt_elt_tpch.int_order_items
[0m18:33:14.845692 [debug] [Thread-2 (]: Writing injected SQL for node "model.dbt_elt_tpch.int_order_items"
[0m18:33:14.847281 [debug] [Thread-2 (]: Began executing node model.dbt_elt_tpch.int_order_items
[0m18:33:14.889877 [debug] [Thread-2 (]: Writing runtime sql for node "model.dbt_elt_tpch.int_order_items"
[0m18:33:14.892032 [debug] [Thread-2 (]: Using snowflake connection "model.dbt_elt_tpch.int_order_items"
[0m18:33:14.892569 [debug] [Thread-2 (]: On model.dbt_elt_tpch.int_order_items: create or replace transient table dbt_db.dbt_schema.int_order_items
    
    
    
    
    

    as (select
    li.order_item_key,
    li.part_key,
    li.line_number,
    li.extended_price,
    o.order_key,
    o.customer_key,
    o.order_date,
    li.extended_price * li.discount_percentage as item_discount_amount
from
    dbt_db.dbt_schema.stg__tpch_orders o
join
    dbt_db.dbt_schema.stg__tpch_line_items li
        on o.order_key = li.order_key
order by
    o.order_date
    )

/* {"app": "dbt", "dbt_version": "1.12.0", "profile_name": "dbt_elt_tpch", "target_name": "dev", "node_id": "model.dbt_elt_tpch.int_order_items"} */;
[0m18:33:14.893083 [debug] [Thread-2 (]: Opening a new connection, currently in state init
[0m18:33:18.580240 [debug] [Thread-2 (]: SQL status: SUCCESS 6001215 in 3.687 seconds
[0m18:33:18.609939 [debug] [Thread-2 (]: Sending event: {'category': 'dbt', 'action': 'run_model', 'label': 'e1e1ff43-3ada-4683-a5d6-0aec993abf77', 'context': [<snowplow_tracker.self_describing_json.SelfDescribingJson object at 0x0000023402E95FF0>]}
[0m18:33:18.610762 [info ] [Thread-2 (]: 1 of 1 OK created sql table model dbt_schema.int_order_items ................... [[32mSUCCESS 6001215[0m in 3.77s]
[0m18:33:18.611677 [debug] [Thread-2 (]: Finished running node model.dbt_elt_tpch.int_order_items
[0m18:33:18.613763 [debug] [MainThread]: Connection 'master' was properly closed.
[0m18:33:18.614151 [debug] [MainThread]: Connection 'list_dbt_db' was left open.
[0m18:33:18.614505 [debug] [MainThread]: On list_dbt_db: Close
[0m18:33:18.793357 [debug] [MainThread]: Connection 'list_dbt_db_dbt_schema' was left open.
[0m18:33:18.793990 [debug] [MainThread]: On list_dbt_db_dbt_schema: Close
[0m18:33:18.963234 [debug] [MainThread]: Connection 'model.dbt_elt_tpch.int_order_items' was left open.
[0m18:33:18.963860 [debug] [MainThread]: On model.dbt_elt_tpch.int_order_items: Close
[0m18:33:19.122320 [info ] [MainThread]: 
[0m18:33:19.124377 [info ] [MainThread]: Finished running 1 table model in 0 hours 0 minutes and 9.04 seconds (9.04s).
[0m18:33:19.127799 [debug] [MainThread]: Command end result
[0m18:33:19.180362 [debug] [MainThread]: Wrote artifact WritableManifest to C:\Users\pc\dbt_elt_tpch\target\manifest.json
[0m18:33:19.184562 [debug] [MainThread]: Wrote artifact SemanticManifest to C:\Users\pc\dbt_elt_tpch\target\semantic_manifest.json
[0m18:33:19.188569 [debug] [MainThread]: Wrote artifact OsiDocument to C:\Users\pc\dbt_elt_tpch\target\osi_document.json
[0m18:33:19.196620 [debug] [MainThread]: Wrote artifact RunExecutionResult to C:\Users\pc\dbt_elt_tpch\target\run_results.json
[0m18:33:19.197060 [info ] [MainThread]: 
[0m18:33:19.197686 [info ] [MainThread]: [32mCompleted successfully[0m
[0m18:33:19.198198 [info ] [MainThread]: 
[0m18:33:19.198769 [info ] [MainThread]: Done. PASS=1 WARN=0 ERROR=0 SKIP=0 NO-OP=0 REUSED=0 TOTAL=1
[0m18:33:19.199419 [warn ] [MainThread]: [[33mWARNING[0m][DeprecationsSummary]: Deprecated functionality
Summary of encountered deprecations:
- MissingPlusPrefixDeprecation: 4 occurrences
To see all deprecation instances instead of just the first occurrence of each,
run command again with the `--show-all-deprecations` flag. You may also need to
run with `--no-partial-parse` as some deprecations are only encountered during
parsing.
[0m18:33:19.200662 [debug] [MainThread]: Command `dbt run` succeeded at 18:33:19.200536 after 11.54 seconds
[0m18:33:19.201091 [debug] [MainThread]: Sending event: {'category': 'dbt', 'action': 'invocation', 'label': 'end', 'context': [<snowplow_tracker.self_describing_json.SelfDescribingJson object at 0x000002347EEC0870>, <snowplow_tracker.self_describing_json.SelfDescribingJson object at 0x0000023418BFB800>, <snowplow_tracker.self_describing_json.SelfDescribingJson object at 0x0000023418680AD0>]}
[0m18:33:19.201501 [debug] [MainThread]: Flushing usage events
[0m18:33:20.207343 [debug] [MainThread]: An error was encountered while trying to flush usage events
[0m18:41:39.006804 [debug] [MainThread]: Sending event: {'category': 'dbt', 'action': 'invocation', 'label': 'start', 'context': [<snowplow_tracker.self_describing_json.SelfDescribingJson object at 0x0000025582545550>, <snowplow_tracker.self_describing_json.SelfDescribingJson object at 0x00000255800216D0>, <snowplow_tracker.self_describing_json.SelfDescribingJson object at 0x0000025584F13890>]}


============================== 18:41:39.020204 | 96ed825a-7ebf-4544-ba7b-ec7ddae62e2d ==============================
[0m18:41:39.020204 [info ] [MainThread]: Running with dbt=1.12.0
[0m18:41:39.021066 [debug] [MainThread]: running dbt with arguments {'static_parser': 'True', 'no_print': 'None', 'version_check': 'True', 'warn_error_options': 'WarnErrorOptionsV2(error=[], warn=[], silence=[])', 'target_path': 'None', 'maximum_seed_size_mib': '1', 'printer_width': '80', 'write_json': 'True', 'empty': 'False', 'log_cache_events': 'False', 'introspect': 'True', 'cache_selected_only': 'False', 'fail_fast': 'False', 'debug': 'False', 'log_format': 'default', 'profiles_dir': 'C:\\Users\\pc\\.dbt', 'send_anonymous_usage_stats': 'True', 'quiet': 'False', 'warn_error': 'None', 'partial_parse': 'True', 'use_colors': 'True', 'hints_enabled': 'True', 'invocation_command': 'dbt run -s int_order_items', 'use_experimental_parser': 'False', 'indirect_selection': 'eager', 'log_path': 'C:\\Users\\pc\\dbt_elt_tpch\\logs'}
[0m18:41:40.262263 [debug] [MainThread]: Snowflake adapter: Setting snowflake.connector to ERROR (file logging only)
[0m18:41:40.263043 [debug] [MainThread]: Snowflake adapter: Setting botocore to ERROR (file logging only)
[0m18:41:40.263655 [debug] [MainThread]: Snowflake adapter: Setting boto3 to ERROR (file logging only)
[0m18:41:40.470287 [warn ] [MainThread]: [[33mWARNING[0m][MissingPlusPrefixDeprecation]: Deprecated functionality
Missing '+' prefix on `materialized` found at
`dbt_elt_tpch.staging.materialized` in file
`C:\Users\pc\dbt_elt_tpch\dbt_project.yml`. Hierarchical config values without a
'+' prefix are deprecated in dbt_project.yml.
[0m18:41:40.471108 [debug] [MainThread]: Sending event: {'category': 'dbt', 'action': 'deprecation', 'label': '96ed825a-7ebf-4544-ba7b-ec7ddae62e2d', 'property_': 'warn', 'context': [<snowplow_tracker.self_describing_json.SelfDescribingJson object at 0x0000025597BFA3F0>]}
[0m18:41:40.751486 [debug] [MainThread]: Sending event: {'category': 'dbt', 'action': 'project_id', 'label': '96ed825a-7ebf-4544-ba7b-ec7ddae62e2d', 'context': [<snowplow_tracker.self_describing_json.SelfDescribingJson object at 0x00000255980B3790>]}
[0m18:41:40.829536 [debug] [MainThread]: Sending event: {'category': 'dbt', 'action': 'adapter_info', 'label': '96ed825a-7ebf-4544-ba7b-ec7ddae62e2d', 'context': [<snowplow_tracker.self_describing_json.SelfDescribingJson object at 0x0000025597E48E50>]}
[0m18:41:40.831563 [info ] [MainThread]: Registered adapter: snowflake=1.12.0
[0m18:41:41.408412 [debug] [MainThread]: checksum: 3f97c68dea7470a2a1e4216ff223f1f4cf8a522e47e57870a6fc8d9ecd080023, vars: {}, profile: dbt_elt_tpch, target: dev, version: 1.12.0
[0m18:41:41.706521 [debug] [MainThread]: Partial parsing enabled: 0 files deleted, 1 files added, 1 files changed.
[0m18:41:41.707143 [debug] [MainThread]: Partial parsing: added file: dbt_elt_tpch://macros\pricing.sql
[0m18:41:41.707617 [debug] [MainThread]: Partial parsing: updated file: dbt_elt_tpch://models\marts\int_order_items.sql
[0m18:41:42.120233 [debug] [MainThread]: Sending event: {'category': 'dbt', 'action': 'load_project', 'label': '96ed825a-7ebf-4544-ba7b-ec7ddae62e2d', 'context': [<snowplow_tracker.self_describing_json.SelfDescribingJson object at 0x00000255987D05F0>]}
[0m18:41:42.274728 [debug] [MainThread]: Wrote artifact WritableManifest to C:\Users\pc\dbt_elt_tpch\target\manifest.json
[0m18:41:42.280086 [debug] [MainThread]: Wrote artifact SemanticManifest to C:\Users\pc\dbt_elt_tpch\target\semantic_manifest.json
[0m18:41:42.330162 [debug] [MainThread]: Wrote artifact OsiDocument to C:\Users\pc\dbt_elt_tpch\target\osi_document.json
[0m18:41:42.348193 [debug] [MainThread]: Sending event: {'category': 'dbt', 'action': 'resource_counts', 'label': '96ed825a-7ebf-4544-ba7b-ec7ddae62e2d', 'context': [<snowplow_tracker.self_describing_json.SelfDescribingJson object at 0x0000025598961C50>]}
[0m18:41:42.349189 [info ] [MainThread]: Found 3 models, 3 data tests, 2 sources, 660 macros
[0m18:41:42.350008 [debug] [MainThread]: Sending event: {'category': 'dbt', 'action': 'runnable_timing', 'label': '96ed825a-7ebf-4544-ba7b-ec7ddae62e2d', 'context': [<snowplow_tracker.self_describing_json.SelfDescribingJson object at 0x000002559897C390>]}
[0m18:41:42.351893 [info ] [MainThread]: 
[0m18:41:42.352378 [info ] [MainThread]: Concurrency: 10 threads (target='dev')
[0m18:41:42.352789 [info ] [MainThread]: 
[0m18:41:42.353393 [debug] [MainThread]: Acquiring new snowflake connection 'master'
[0m18:41:42.354396 [debug] [ThreadPool]: Acquiring new snowflake connection 'list_dbt_db'
[0m18:41:42.370628 [debug] [ThreadPool]: Using snowflake connection "list_dbt_db"
[0m18:41:42.371291 [debug] [ThreadPool]: On list_dbt_db: show terse schemas in database dbt_db
    limit 10000
/* {"app": "dbt", "dbt_version": "1.12.0", "profile_name": "dbt_elt_tpch", "target_name": "dev", "connection_name": "list_dbt_db"} */
[0m18:41:42.371845 [debug] [ThreadPool]: Opening a new connection, currently in state init
[0m18:41:44.015982 [debug] [ThreadPool]: SQL status: SUCCESS 3 in 1.644 seconds
[0m18:41:44.022852 [debug] [ThreadPool]: Acquiring new snowflake connection 'list_dbt_db_dbt_schema'
[0m18:41:44.037259 [debug] [ThreadPool]: Using snowflake connection "list_dbt_db_dbt_schema"
[0m18:41:44.037702 [debug] [ThreadPool]: On list_dbt_db_dbt_schema: show objects in dbt_db.dbt_schema
    limit 10000
    

/* {"app": "dbt", "dbt_version": "1.12.0", "profile_name": "dbt_elt_tpch", "target_name": "dev", "connection_name": "list_dbt_db_dbt_schema"} */;
[0m18:41:44.038046 [debug] [ThreadPool]: Opening a new connection, currently in state init
[0m18:41:45.623046 [debug] [ThreadPool]: SQL status: SUCCESS 3 in 1.585 seconds
[0m18:41:45.631046 [debug] [ThreadPool]: Using snowflake connection "list_dbt_db_dbt_schema"
[0m18:41:45.631487 [debug] [ThreadPool]: On list_dbt_db_dbt_schema: show user functions in dbt_db.dbt_schema
/* {"app": "dbt", "dbt_version": "1.12.0", "profile_name": "dbt_elt_tpch", "target_name": "dev", "connection_name": "list_dbt_db_dbt_schema"} */
[0m18:41:45.792485 [debug] [ThreadPool]: SQL status: SUCCESS 0 in 0.161 seconds
[0m18:41:45.795765 [debug] [MainThread]: Sending event: {'category': 'dbt', 'action': 'runnable_timing', 'label': '96ed825a-7ebf-4544-ba7b-ec7ddae62e2d', 'context': [<snowplow_tracker.self_describing_json.SelfDescribingJson object at 0x00000255989FBF50>]}
[0m18:41:45.807464 [debug] [Thread-2 (]: Began running node model.dbt_elt_tpch.int_order_items
[0m18:41:45.808343 [info ] [Thread-2 (]: 1 of 1 START sql table model dbt_schema.int_order_items ........................ [RUN]
[0m18:41:45.809405 [debug] [Thread-2 (]: Acquiring new snowflake connection 'model.dbt_elt_tpch.int_order_items'
[0m18:41:45.810017 [debug] [Thread-2 (]: Began compiling node model.dbt_elt_tpch.int_order_items
[0m18:41:45.817817 [debug] [Thread-2 (]: Writing injected SQL for node "model.dbt_elt_tpch.int_order_items"
[0m18:41:45.819505 [debug] [Thread-2 (]: Began executing node model.dbt_elt_tpch.int_order_items
[0m18:41:45.867618 [debug] [Thread-2 (]: Writing runtime sql for node "model.dbt_elt_tpch.int_order_items"
[0m18:41:45.869433 [debug] [Thread-2 (]: Using snowflake connection "model.dbt_elt_tpch.int_order_items"
[0m18:41:45.870034 [debug] [Thread-2 (]: On model.dbt_elt_tpch.int_order_items: create or replace transient table dbt_db.dbt_schema.int_order_items
    
    
    
    
    

    as (select
    li.order_item_key,
    li.part_key,
    li.line_number,
    li.extended_price,
    o.order_key,
    o.customer_key,
    o.order_date,
    
    (-1 * li.extended_price * li.discount_percentage)::decimal(16, 2)
 AS discounted_amount
from
    dbt_db.dbt_schema.stg__tpch_orders o
join
    dbt_db.dbt_schema.stg__tpch_line_items li
        on o.order_key = li.order_key
order by
    o.order_date
    )

/* {"app": "dbt", "dbt_version": "1.12.0", "profile_name": "dbt_elt_tpch", "target_name": "dev", "node_id": "model.dbt_elt_tpch.int_order_items"} */;
[0m18:41:45.870807 [debug] [Thread-2 (]: Opening a new connection, currently in state init
[0m18:41:49.558639 [debug] [Thread-2 (]: SQL status: SUCCESS 6001215 in 3.687 seconds
[0m18:41:49.589165 [debug] [Thread-2 (]: Sending event: {'category': 'dbt', 'action': 'run_model', 'label': '96ed825a-7ebf-4544-ba7b-ec7ddae62e2d', 'context': [<snowplow_tracker.self_describing_json.SelfDescribingJson object at 0x0000025582BF5FF0>]}
[0m18:41:49.590013 [info ] [Thread-2 (]: 1 of 1 OK created sql table model dbt_schema.int_order_items ................... [[32mSUCCESS 6001215[0m in 3.78s]
[0m18:41:49.590877 [debug] [Thread-2 (]: Finished running node model.dbt_elt_tpch.int_order_items
[0m18:41:49.592884 [debug] [MainThread]: Connection 'master' was properly closed.
[0m18:41:49.593291 [debug] [MainThread]: Connection 'list_dbt_db' was left open.
[0m18:41:49.593646 [debug] [MainThread]: On list_dbt_db: Close
[0m18:41:49.756729 [debug] [MainThread]: Connection 'list_dbt_db_dbt_schema' was left open.
[0m18:41:49.757272 [debug] [MainThread]: On list_dbt_db_dbt_schema: Close
[0m18:41:49.948708 [debug] [MainThread]: Connection 'model.dbt_elt_tpch.int_order_items' was left open.
[0m18:41:49.950439 [debug] [MainThread]: On model.dbt_elt_tpch.int_order_items: Close
[0m18:41:50.730577 [info ] [MainThread]: 
[0m18:41:50.731415 [info ] [MainThread]: Finished running 1 table model in 0 hours 0 minutes and 8.38 seconds (8.38s).
[0m18:41:50.732456 [debug] [MainThread]: Command end result
[0m18:41:50.801791 [debug] [MainThread]: Wrote artifact WritableManifest to C:\Users\pc\dbt_elt_tpch\target\manifest.json
[0m18:41:50.806729 [debug] [MainThread]: Wrote artifact SemanticManifest to C:\Users\pc\dbt_elt_tpch\target\semantic_manifest.json
[0m18:41:50.811171 [debug] [MainThread]: Wrote artifact OsiDocument to C:\Users\pc\dbt_elt_tpch\target\osi_document.json
[0m18:41:50.821131 [debug] [MainThread]: Wrote artifact RunExecutionResult to C:\Users\pc\dbt_elt_tpch\target\run_results.json
[0m18:41:50.821777 [info ] [MainThread]: 
[0m18:41:50.822443 [info ] [MainThread]: [32mCompleted successfully[0m
[0m18:41:50.823033 [info ] [MainThread]: 
[0m18:41:50.823578 [info ] [MainThread]: Done. PASS=1 WARN=0 ERROR=0 SKIP=0 NO-OP=0 REUSED=0 TOTAL=1
[0m18:41:50.824223 [warn ] [MainThread]: [[33mWARNING[0m][DeprecationsSummary]: Deprecated functionality
Summary of encountered deprecations:
- MissingPlusPrefixDeprecation: 4 occurrences
To see all deprecation instances instead of just the first occurrence of each,
run command again with the `--show-all-deprecations` flag. You may also need to
run with `--no-partial-parse` as some deprecations are only encountered during
parsing.
[0m18:41:50.825519 [debug] [MainThread]: Command `dbt run` succeeded at 18:41:50.825393 after 12.06 seconds
[0m18:41:50.825944 [debug] [MainThread]: Sending event: {'category': 'dbt', 'action': 'invocation', 'label': 'end', 'context': [<snowplow_tracker.self_describing_json.SelfDescribingJson object at 0x00000255989332F0>, <snowplow_tracker.self_describing_json.SelfDescribingJson object at 0x0000025598BE3140>, <snowplow_tracker.self_describing_json.SelfDescribingJson object at 0x00000255808571D0>]}
[0m18:41:50.826360 [debug] [MainThread]: Flushing usage events
[0m18:41:51.871835 [debug] [MainThread]: An error was encountered while trying to flush usage events
[0m18:52:33.444356 [debug] [MainThread]: Sending event: {'category': 'dbt', 'action': 'invocation', 'label': 'start', 'context': [<snowplow_tracker.self_describing_json.SelfDescribingJson object at 0x0000025115A95550>, <snowplow_tracker.self_describing_json.SelfDescribingJson object at 0x00000251135716D0>, <snowplow_tracker.self_describing_json.SelfDescribingJson object at 0x0000025118473890>]}


============================== 18:52:33.455915 | 97e75be2-3ed4-467d-882c-9b1e3fe87b36 ==============================
[0m18:52:33.455915 [info ] [MainThread]: Running with dbt=1.12.0
[0m18:52:33.456699 [debug] [MainThread]: running dbt with arguments {'version_check': 'True', 'no_print': 'None', 'maximum_seed_size_mib': '1', 'target_path': 'None', 'static_parser': 'True', 'warn_error_options': 'WarnErrorOptionsV2(error=[], warn=[], silence=[])', 'printer_width': '80', 'write_json': 'True', 'introspect': 'True', 'log_cache_events': 'False', 'empty': 'False', 'cache_selected_only': 'False', 'log_format': 'default', 'debug': 'False', 'fail_fast': 'False', 'partial_parse': 'True', 'send_anonymous_usage_stats': 'True', 'quiet': 'False', 'warn_error': 'None', 'profiles_dir': 'C:\\Users\\pc\\.dbt', 'indirect_selection': 'eager', 'hints_enabled': 'True', 'invocation_command': 'dbt run -s fct__orders', 'use_experimental_parser': 'False', 'use_colors': 'True', 'log_path': 'C:\\Users\\pc\\dbt_elt_tpch\\logs'}
[0m18:52:34.317425 [debug] [MainThread]: Snowflake adapter: Setting snowflake.connector to ERROR (file logging only)
[0m18:52:34.318076 [debug] [MainThread]: Snowflake adapter: Setting botocore to ERROR (file logging only)
[0m18:52:34.318521 [debug] [MainThread]: Snowflake adapter: Setting boto3 to ERROR (file logging only)
[0m18:52:34.519964 [warn ] [MainThread]: [[33mWARNING[0m][MissingPlusPrefixDeprecation]: Deprecated functionality
Missing '+' prefix on `snowflake_warehouse` found at
`dbt_elt_tpch.staging.snowflake_warehouse` in file
`C:\Users\pc\dbt_elt_tpch\dbt_project.yml`. Hierarchical config values without a
'+' prefix are deprecated in dbt_project.yml.
[0m18:52:34.520683 [debug] [MainThread]: Sending event: {'category': 'dbt', 'action': 'deprecation', 'label': '97e75be2-3ed4-467d-882c-9b1e3fe87b36', 'property_': 'warn', 'context': [<snowplow_tracker.self_describing_json.SelfDescribingJson object at 0x000002512B0EA3F0>]}
[0m18:52:34.713658 [debug] [MainThread]: Sending event: {'category': 'dbt', 'action': 'project_id', 'label': '97e75be2-3ed4-467d-882c-9b1e3fe87b36', 'context': [<snowplow_tracker.self_describing_json.SelfDescribingJson object at 0x000002512B5A3790>]}
[0m18:52:34.792123 [debug] [MainThread]: Sending event: {'category': 'dbt', 'action': 'adapter_info', 'label': '97e75be2-3ed4-467d-882c-9b1e3fe87b36', 'context': [<snowplow_tracker.self_describing_json.SelfDescribingJson object at 0x000002512B338E50>]}
[0m18:52:34.794162 [info ] [MainThread]: Registered adapter: snowflake=1.12.0
[0m18:52:35.356906 [debug] [MainThread]: checksum: 3f97c68dea7470a2a1e4216ff223f1f4cf8a522e47e57870a6fc8d9ecd080023, vars: {}, profile: dbt_elt_tpch, target: dev, version: 1.12.0
[0m18:52:35.597486 [debug] [MainThread]: Partial parsing enabled: 0 files deleted, 2 files added, 0 files changed.
[0m18:52:35.598096 [debug] [MainThread]: Partial parsing: added file: dbt_elt_tpch://models\marts\int_order_items_summary.sql
[0m18:52:35.598509 [debug] [MainThread]: Partial parsing: added file: dbt_elt_tpch://models\marts\fct__orders.sql
[0m18:52:35.874040 [error] [MainThread]: [[31mERROR[0m]: Encountered an error:
Compilation Error
  Model 'model.dbt_elt_tpch.fct__orders' (models\marts\fct__orders.sql) depends on a node named 'stg_tpch_orders' which was not found
[0m18:52:35.874960 [warn ] [MainThread]: [[33mWARNING[0m][DeprecationsSummary]: Deprecated functionality
Summary of encountered deprecations:
- MissingPlusPrefixDeprecation: 4 occurrences
To see all deprecation instances instead of just the first occurrence of each,
run command again with the `--show-all-deprecations` flag. You may also need to
run with `--no-partial-parse` as some deprecations are only encountered during
parsing.
[0m18:52:35.876562 [debug] [MainThread]: Command `dbt run` failed at 18:52:35.876422 after 2.67 seconds
[0m18:52:35.877024 [debug] [MainThread]: Sending event: {'category': 'dbt', 'action': 'invocation', 'label': 'end', 'context': [<snowplow_tracker.self_describing_json.SelfDescribingJson object at 0x000002512BC57980>, <snowplow_tracker.self_describing_json.SelfDescribingJson object at 0x000002512BC577A0>, <snowplow_tracker.self_describing_json.SelfDescribingJson object at 0x0000025118508210>]}
[0m18:52:35.877474 [debug] [MainThread]: Flushing usage events
[0m18:52:37.038960 [debug] [MainThread]: An error was encountered while trying to flush usage events
[0m18:52:58.596681 [debug] [MainThread]: Sending event: {'category': 'dbt', 'action': 'invocation', 'label': 'start', 'context': [<snowplow_tracker.self_describing_json.SelfDescribingJson object at 0x000002A09B825550>, <snowplow_tracker.self_describing_json.SelfDescribingJson object at 0x000002A0993016D0>, <snowplow_tracker.self_describing_json.SelfDescribingJson object at 0x000002A09E23F890>]}


============================== 18:52:58.607662 | 2c13aea6-1e30-4d56-acd5-4b039396eff3 ==============================
[0m18:52:58.607662 [info ] [MainThread]: Running with dbt=1.12.0
[0m18:52:58.608465 [debug] [MainThread]: running dbt with arguments {'version_check': 'True', 'no_print': 'None', 'maximum_seed_size_mib': '1', 'warn_error_options': 'WarnErrorOptionsV2(error=[], warn=[], silence=[])', 'target_path': 'None', 'static_parser': 'True', 'printer_width': '80', 'write_json': 'True', 'introspect': 'True', 'log_cache_events': 'False', 'empty': 'None', 'cache_selected_only': 'False', 'log_format': 'default', 'debug': 'False', 'fail_fast': 'False', 'profiles_dir': 'C:\\Users\\pc\\.dbt', 'send_anonymous_usage_stats': 'True', 'quiet': 'False', 'warn_error': 'None', 'partial_parse': 'True', 'invocation_command': 'dbt debug', 'hints_enabled': 'True', 'use_colors': 'True', 'use_experimental_parser': 'False', 'indirect_selection': 'eager', 'log_path': 'C:\\Users\\pc\\dbt_elt_tpch\\logs'}
[0m18:52:58.648458 [info ] [MainThread]: dbt version: 1.12.0
[0m18:52:58.649041 [info ] [MainThread]: python version: 3.14.4
[0m18:52:58.649547 [info ] [MainThread]: python path: C:\Python314\python.exe
[0m18:52:58.650067 [info ] [MainThread]: os info: Windows-11-10.0.26200-SP0
[0m18:52:59.433068 [debug] [MainThread]: Snowflake adapter: Setting snowflake.connector to ERROR (file logging only)
[0m18:52:59.433631 [debug] [MainThread]: Snowflake adapter: Setting botocore to ERROR (file logging only)
[0m18:52:59.434036 [debug] [MainThread]: Snowflake adapter: Setting boto3 to ERROR (file logging only)
[0m18:52:59.619234 [info ] [MainThread]: Using profiles dir at C:\Users\pc\.dbt
[0m18:52:59.619906 [info ] [MainThread]: Using profiles.yml file at C:\Users\pc\.dbt\profiles.yml
[0m18:52:59.620446 [info ] [MainThread]: Using dbt_project.yml file at C:\Users\pc\dbt_elt_tpch\dbt_project.yml
[0m18:52:59.621967 [info ] [MainThread]: adapter type: snowflake
[0m18:52:59.622446 [info ] [MainThread]: adapter version: 1.12.0
[0m18:52:59.791154 [info ] [MainThread]: Configuration:
[0m18:52:59.797954 [info ] [MainThread]:   profiles.yml file [[32mOK found and valid[0m]
[0m18:52:59.816492 [info ] [MainThread]:   dbt_project.yml file [[32mOK found and valid[0m]
[0m18:52:59.822299 [info ] [MainThread]: Required dependencies:
[0m18:52:59.833745 [debug] [MainThread]: Executing "git --help"
[0m18:52:59.933131 [debug] [MainThread]: STDOUT: "b"usage: git [-v | --version] [-h | --help] [-C <path>] [-c <name>=<value>]\n           [--exec-path[=<path>]] [--html-path] [--man-path] [--info-path]\n           [-p | --paginate | -P | --no-pager] [--no-replace-objects] [--bare]\n           [--git-dir=<path>] [--work-tree=<path>] [--namespace=<name>]\n           [--config-env=<name>=<envvar>] <command> [<args>]\n\nThese are common Git commands used in various situations:\n\nstart a working area (see also: git help tutorial)\n   clone     Clone a repository into a new directory\n   init      Create an empty Git repository or reinitialize an existing one\n\nwork on the current change (see also: git help everyday)\n   add       Add file contents to the index\n   mv        Move or rename a file, a directory, or a symlink\n   restore   Restore working tree files\n   rm        Remove files from the working tree and from the index\n\nexamine the history and state (see also: git help revisions)\n   bisect    Use binary search to find the commit that introduced a bug\n   diff      Show changes between commits, commit and working tree, etc\n   grep      Print lines matching a pattern\n   log       Show commit logs\n   show      Show various types of objects\n   status    Show the working tree status\n\ngrow, mark and tweak your common history\n   branch    List, create, or delete branches\n   commit    Record changes to the repository\n   merge     Join two or more development histories together\n   rebase    Reapply commits on top of another base tip\n   reset     Reset current HEAD to the specified state\n   switch    Switch branches\n   tag       Create, list, delete or verify a tag object signed with GPG\n\ncollaborate (see also: git help workflows)\n   fetch     Download objects and refs from another repository\n   pull      Fetch from and integrate with another repository or a local branch\n   push      Update remote refs along with associated objects\n\n'git help -a' and 'git help -g' list available subcommands and some\nconcept guides. See 'git help <command>' or 'git help <concept>'\nto read about a specific subcommand or concept.\nSee 'git help git' for an overview of the system.\n""
[0m18:52:59.933729 [debug] [MainThread]: STDERR: "b''"
[0m18:52:59.934310 [info ] [MainThread]:  - git [[32mOK found[0m]

[0m18:52:59.934835 [info ] [MainThread]: Connection:
[0m18:52:59.935347 [info ] [MainThread]:   account: sr29170.eu-west-3.aws
[0m18:52:59.935799 [info ] [MainThread]:   user: FATINE
[0m18:52:59.936245 [info ] [MainThread]:   database: dbt_db
[0m18:52:59.936685 [info ] [MainThread]:   warehouse: dbt_wh
[0m18:52:59.937202 [info ] [MainThread]:   role: dbt_role
[0m18:52:59.938179 [info ] [MainThread]:   schema: dbt_schema
[0m18:52:59.938967 [info ] [MainThread]:   authenticator: None
[0m18:52:59.940403 [info ] [MainThread]:   oauth_client_id: None
[0m18:52:59.941338 [info ] [MainThread]:   query_tag: None
[0m18:52:59.942029 [info ] [MainThread]:   client_session_keep_alive: False
[0m18:52:59.942618 [info ] [MainThread]:   host: None
[0m18:52:59.943287 [info ] [MainThread]:   port: None
[0m18:52:59.943865 [info ] [MainThread]:   proxy_host: None
[0m18:52:59.944320 [info ] [MainThread]:   proxy_port: None
[0m18:52:59.944766 [info ] [MainThread]:   protocol: None
[0m18:52:59.945331 [info ] [MainThread]:   connect_retries: 1
[0m18:52:59.946322 [info ] [MainThread]:   connect_timeout: None
[0m18:52:59.947281 [info ] [MainThread]:   retry_on_database_errors: False
[0m18:52:59.948267 [info ] [MainThread]:   retry_all: False
[0m18:52:59.948994 [info ] [MainThread]:   insecure_mode: False
[0m18:52:59.949509 [info ] [MainThread]:   reuse_connections: True
[0m18:52:59.949992 [info ] [MainThread]:   s3_stage_vpce_dns_name: None
[0m18:52:59.950457 [info ] [MainThread]:   workload_identity_provider: None
[0m18:52:59.950913 [info ] [MainThread]:   workload_identity_entra_resource: None
[0m18:52:59.951367 [info ] [MainThread]:   platform_detection_timeout_seconds: 0.0
[0m18:52:59.952386 [info ] [MainThread]: Registered adapter: snowflake=1.12.0
[0m18:53:00.522203 [debug] [MainThread]: Acquiring new snowflake connection 'debug'
[0m18:53:00.525056 [debug] [MainThread]: Using snowflake connection "debug"
[0m18:53:00.525495 [debug] [MainThread]: On debug: select 1 as id
[0m18:53:00.525840 [debug] [MainThread]: Opening a new connection, currently in state init
[0m18:53:02.175209 [debug] [MainThread]: SQL status: SUCCESS 1 in 1.649 seconds
[0m18:53:02.176361 [info ] [MainThread]:   Connection test: [[32mOK connection ok[0m]

[0m18:53:02.177229 [info ] [MainThread]: [32mAll checks passed![0m
[0m18:53:02.179144 [debug] [MainThread]: Command `dbt debug` succeeded at 18:53:02.178866 after 3.74 seconds
[0m18:53:02.180064 [debug] [MainThread]: Connection 'debug' was left open.
[0m18:53:02.180706 [debug] [MainThread]: On debug: Close
[0m18:53:02.335230 [debug] [MainThread]: Sending event: {'category': 'dbt', 'action': 'invocation', 'label': 'end', 'context': [<snowplow_tracker.self_describing_json.SelfDescribingJson object at 0x000002A0B14D02B0>, <snowplow_tracker.self_describing_json.SelfDescribingJson object at 0x000002A099041010>, <snowplow_tracker.self_describing_json.SelfDescribingJson object at 0x000002A0B1341480>]}
[0m18:53:02.335892 [debug] [MainThread]: Flushing usage events
[0m18:53:03.395035 [debug] [MainThread]: An error was encountered while trying to flush usage events
[0m18:54:01.391190 [debug] [MainThread]: Sending event: {'category': 'dbt', 'action': 'invocation', 'label': 'start', 'context': [<snowplow_tracker.self_describing_json.SelfDescribingJson object at 0x0000028469619550>, <snowplow_tracker.self_describing_json.SelfDescribingJson object at 0x00000284670F1810>, <snowplow_tracker.self_describing_json.SelfDescribingJson object at 0x000002846BFF3890>]}


============================== 18:54:01.402825 | eca01d17-cd88-40e9-84ba-40eb14cc5396 ==============================
[0m18:54:01.402825 [info ] [MainThread]: Running with dbt=1.12.0
[0m18:54:01.403599 [debug] [MainThread]: running dbt with arguments {'maximum_seed_size_mib': '1', 'no_print': 'None', 'version_check': 'True', 'warn_error_options': 'WarnErrorOptionsV2(error=[], warn=[], silence=[])', 'static_parser': 'True', 'target_path': 'None', 'printer_width': '80', 'write_json': 'True', 'introspect': 'True', 'log_cache_events': 'False', 'empty': 'False', 'cache_selected_only': 'False', 'log_format': 'default', 'debug': 'False', 'fail_fast': 'False', 'profiles_dir': 'C:\\Users\\pc\\.dbt', 'send_anonymous_usage_stats': 'True', 'quiet': 'False', 'warn_error': 'None', 'partial_parse': 'True', 'invocation_command': 'dbt build', 'hints_enabled': 'True', 'use_colors': 'True', 'use_experimental_parser': 'False', 'indirect_selection': 'eager', 'log_path': 'C:\\Users\\pc\\dbt_elt_tpch\\logs'}
[0m18:54:02.191415 [debug] [MainThread]: Snowflake adapter: Setting snowflake.connector to ERROR (file logging only)
[0m18:54:02.192003 [debug] [MainThread]: Snowflake adapter: Setting botocore to ERROR (file logging only)
[0m18:54:02.192457 [debug] [MainThread]: Snowflake adapter: Setting boto3 to ERROR (file logging only)
[0m18:54:02.379906 [warn ] [MainThread]: [[33mWARNING[0m][MissingPlusPrefixDeprecation]: Deprecated functionality
Missing '+' prefix on `materialized` found at `dbt_elt_tpch.marts.materialized`
in file `C:\Users\pc\dbt_elt_tpch\dbt_project.yml`. Hierarchical config values
without a '+' prefix are deprecated in dbt_project.yml.
[0m18:54:02.380686 [debug] [MainThread]: Sending event: {'category': 'dbt', 'action': 'deprecation', 'label': 'eca01d17-cd88-40e9-84ba-40eb14cc5396', 'property_': 'warn', 'context': [<snowplow_tracker.self_describing_json.SelfDescribingJson object at 0x000002847EC6A3F0>]}
[0m18:54:02.572102 [debug] [MainThread]: Sending event: {'category': 'dbt', 'action': 'project_id', 'label': 'eca01d17-cd88-40e9-84ba-40eb14cc5396', 'context': [<snowplow_tracker.self_describing_json.SelfDescribingJson object at 0x000002847F123790>]}
[0m18:54:02.656088 [debug] [MainThread]: Sending event: {'category': 'dbt', 'action': 'adapter_info', 'label': 'eca01d17-cd88-40e9-84ba-40eb14cc5396', 'context': [<snowplow_tracker.self_describing_json.SelfDescribingJson object at 0x000002847EEB8E50>]}
[0m18:54:02.658134 [info ] [MainThread]: Registered adapter: snowflake=1.12.0
[0m18:54:03.221799 [debug] [MainThread]: checksum: 3f97c68dea7470a2a1e4216ff223f1f4cf8a522e47e57870a6fc8d9ecd080023, vars: {}, profile: dbt_elt_tpch, target: dev, version: 1.12.0
[0m18:54:03.442814 [debug] [MainThread]: Partial parsing enabled: 0 files deleted, 2 files added, 0 files changed.
[0m18:54:03.443479 [debug] [MainThread]: Partial parsing: added file: dbt_elt_tpch://models\marts\int_order_items_summary.sql
[0m18:54:03.443890 [debug] [MainThread]: Partial parsing: added file: dbt_elt_tpch://models\marts\fct__orders.sql
[0m18:54:03.712763 [error] [MainThread]: [[31mERROR[0m]: Encountered an error:
Compilation Error
  Model 'model.dbt_elt_tpch.fct__orders' (models\marts\fct__orders.sql) depends on a node named 'stg_tpch_orders' which was not found
[0m18:54:03.713671 [warn ] [MainThread]: [[33mWARNING[0m][DeprecationsSummary]: Deprecated functionality
Summary of encountered deprecations:
- MissingPlusPrefixDeprecation: 4 occurrences
To see all deprecation instances instead of just the first occurrence of each,
run command again with the `--show-all-deprecations` flag. You may also need to
run with `--no-partial-parse` as some deprecations are only encountered during
parsing.
[0m18:54:03.715316 [debug] [MainThread]: Command `dbt build` failed at 18:54:03.715178 after 2.50 seconds
[0m18:54:03.715770 [debug] [MainThread]: Sending event: {'category': 'dbt', 'action': 'invocation', 'label': 'end', 'context': [<snowplow_tracker.self_describing_json.SelfDescribingJson object at 0x000002847F7D7980>, <snowplow_tracker.self_describing_json.SelfDescribingJson object at 0x000002847F7D77A0>, <snowplow_tracker.self_describing_json.SelfDescribingJson object at 0x000002846C08BAF0>]}
[0m18:54:03.716234 [debug] [MainThread]: Flushing usage events
[0m18:54:04.768780 [debug] [MainThread]: An error was encountered while trying to flush usage events
[0m18:54:11.576391 [debug] [MainThread]: Sending event: {'category': 'dbt', 'action': 'invocation', 'label': 'start', 'context': [<snowplow_tracker.self_describing_json.SelfDescribingJson object at 0x000001FB67D25550>, <snowplow_tracker.self_describing_json.SelfDescribingJson object at 0x000001FB658016D0>, <snowplow_tracker.self_describing_json.SelfDescribingJson object at 0x000001FB6A6F3890>]}


============================== 18:54:11.587474 | 71536e4f-15f6-438e-90ab-4f624a6614aa ==============================
[0m18:54:11.587474 [info ] [MainThread]: Running with dbt=1.12.0
[0m18:54:11.588278 [debug] [MainThread]: running dbt with arguments {'maximum_seed_size_mib': '1', 'no_print': 'None', 'version_check': 'True', 'warn_error_options': 'WarnErrorOptionsV2(error=[], warn=[], silence=[])', 'target_path': 'None', 'static_parser': 'True', 'printer_width': '80', 'write_json': 'True', 'empty': 'False', 'log_cache_events': 'False', 'introspect': 'True', 'cache_selected_only': 'False', 'fail_fast': 'False', 'debug': 'False', 'log_format': 'default', 'profiles_dir': 'C:\\Users\\pc\\.dbt', 'send_anonymous_usage_stats': 'True', 'quiet': 'False', 'warn_error': 'None', 'partial_parse': 'True', 'indirect_selection': 'eager', 'hints_enabled': 'True', 'use_colors': 'True', 'use_experimental_parser': 'False', 'invocation_command': 'dbt run', 'log_path': 'C:\\Users\\pc\\dbt_elt_tpch\\logs'}
[0m18:54:12.374900 [debug] [MainThread]: Snowflake adapter: Setting snowflake.connector to ERROR (file logging only)
[0m18:54:12.375494 [debug] [MainThread]: Snowflake adapter: Setting botocore to ERROR (file logging only)
[0m18:54:12.375911 [debug] [MainThread]: Snowflake adapter: Setting boto3 to ERROR (file logging only)
[0m18:54:12.565345 [warn ] [MainThread]: [[33mWARNING[0m][MissingPlusPrefixDeprecation]: Deprecated functionality
Missing '+' prefix on `snowflake_warehouse` found at
`dbt_elt_tpch.marts.snowflake_warehouse` in file
`C:\Users\pc\dbt_elt_tpch\dbt_project.yml`. Hierarchical config values without a
'+' prefix are deprecated in dbt_project.yml.
[0m18:54:12.566074 [debug] [MainThread]: Sending event: {'category': 'dbt', 'action': 'deprecation', 'label': '71536e4f-15f6-438e-90ab-4f624a6614aa', 'property_': 'warn', 'context': [<snowplow_tracker.self_describing_json.SelfDescribingJson object at 0x000001FB7D3AA3F0>]}
[0m18:54:12.755526 [debug] [MainThread]: Sending event: {'category': 'dbt', 'action': 'project_id', 'label': '71536e4f-15f6-438e-90ab-4f624a6614aa', 'context': [<snowplow_tracker.self_describing_json.SelfDescribingJson object at 0x000001FB7D863790>]}
[0m18:54:12.834659 [debug] [MainThread]: Sending event: {'category': 'dbt', 'action': 'adapter_info', 'label': '71536e4f-15f6-438e-90ab-4f624a6614aa', 'context': [<snowplow_tracker.self_describing_json.SelfDescribingJson object at 0x000001FB7D5F8E50>]}
[0m18:54:12.836547 [info ] [MainThread]: Registered adapter: snowflake=1.12.0
[0m18:54:13.377242 [debug] [MainThread]: checksum: 3f97c68dea7470a2a1e4216ff223f1f4cf8a522e47e57870a6fc8d9ecd080023, vars: {}, profile: dbt_elt_tpch, target: dev, version: 1.12.0
[0m18:54:13.591530 [debug] [MainThread]: Partial parsing enabled: 0 files deleted, 2 files added, 0 files changed.
[0m18:54:13.592178 [debug] [MainThread]: Partial parsing: added file: dbt_elt_tpch://models\marts\int_order_items_summary.sql
[0m18:54:13.592594 [debug] [MainThread]: Partial parsing: added file: dbt_elt_tpch://models\marts\fct__orders.sql
[0m18:54:13.860825 [error] [MainThread]: [[31mERROR[0m]: Encountered an error:
Compilation Error
  Model 'model.dbt_elt_tpch.fct__orders' (models\marts\fct__orders.sql) depends on a node named 'stg_tpch_orders' which was not found
[0m18:54:13.861698 [warn ] [MainThread]: [[33mWARNING[0m][DeprecationsSummary]: Deprecated functionality
Summary of encountered deprecations:
- MissingPlusPrefixDeprecation: 4 occurrences
To see all deprecation instances instead of just the first occurrence of each,
run command again with the `--show-all-deprecations` flag. You may also need to
run with `--no-partial-parse` as some deprecations are only encountered during
parsing.
[0m18:54:13.863333 [debug] [MainThread]: Command `dbt run` failed at 18:54:13.863182 after 2.45 seconds
[0m18:54:13.863809 [debug] [MainThread]: Sending event: {'category': 'dbt', 'action': 'invocation', 'label': 'end', 'context': [<snowplow_tracker.self_describing_json.SelfDescribingJson object at 0x000001FB7DF1B980>, <snowplow_tracker.self_describing_json.SelfDescribingJson object at 0x000001FB7DF1B7A0>, <snowplow_tracker.self_describing_json.SelfDescribingJson object at 0x000001FB6A788210>]}
[0m18:54:13.864243 [debug] [MainThread]: Flushing usage events
[0m18:54:15.022828 [debug] [MainThread]: An error was encountered while trying to flush usage events
[0m18:54:51.028065 [debug] [MainThread]: Sending event: {'category': 'dbt', 'action': 'invocation', 'label': 'start', 'context': [<snowplow_tracker.self_describing_json.SelfDescribingJson object at 0x000002492F3A9550>, <snowplow_tracker.self_describing_json.SelfDescribingJson object at 0x000002492CE75810>, <snowplow_tracker.self_describing_json.SelfDescribingJson object at 0x0000024931D83890>]}


============================== 18:54:51.044847 | a7aec34e-a9ba-4432-90e5-7a414f2bc9f6 ==============================
[0m18:54:51.044847 [info ] [MainThread]: Running with dbt=1.12.0
[0m18:54:51.045789 [debug] [MainThread]: running dbt with arguments {'maximum_seed_size_mib': '1', 'no_print': 'None', 'version_check': 'True', 'warn_error_options': 'WarnErrorOptionsV2(error=[], warn=[], silence=[])', 'static_parser': 'True', 'target_path': 'None', 'printer_width': '80', 'write_json': 'True', 'empty': 'False', 'log_cache_events': 'False', 'introspect': 'True', 'cache_selected_only': 'False', 'fail_fast': 'False', 'debug': 'False', 'log_format': 'default', 'profiles_dir': 'C:\\Users\\pc\\.dbt', 'send_anonymous_usage_stats': 'True', 'quiet': 'False', 'warn_error': 'None', 'partial_parse': 'True', 'invocation_command': 'dbt run -s fct__orders', 'hints_enabled': 'True', 'indirect_selection': 'eager', 'use_experimental_parser': 'False', 'use_colors': 'True', 'log_path': 'C:\\Users\\pc\\dbt_elt_tpch\\logs'}
[0m18:54:51.917963 [debug] [MainThread]: Snowflake adapter: Setting snowflake.connector to ERROR (file logging only)
[0m18:54:51.918674 [debug] [MainThread]: Snowflake adapter: Setting botocore to ERROR (file logging only)
[0m18:54:51.919186 [debug] [MainThread]: Snowflake adapter: Setting boto3 to ERROR (file logging only)
[0m18:54:52.129014 [warn ] [MainThread]: [[33mWARNING[0m][MissingPlusPrefixDeprecation]: Deprecated functionality
Missing '+' prefix on `snowflake_warehouse` found at
`dbt_elt_tpch.marts.snowflake_warehouse` in file
`C:\Users\pc\dbt_elt_tpch\dbt_project.yml`. Hierarchical config values without a
'+' prefix are deprecated in dbt_project.yml.
[0m18:54:52.129822 [debug] [MainThread]: Sending event: {'category': 'dbt', 'action': 'deprecation', 'label': 'a7aec34e-a9ba-4432-90e5-7a414f2bc9f6', 'property_': 'warn', 'context': [<snowplow_tracker.self_describing_json.SelfDescribingJson object at 0x0000024944AAA3F0>]}
[0m18:54:52.386952 [debug] [MainThread]: Sending event: {'category': 'dbt', 'action': 'project_id', 'label': 'a7aec34e-a9ba-4432-90e5-7a414f2bc9f6', 'context': [<snowplow_tracker.self_describing_json.SelfDescribingJson object at 0x0000024944F63790>]}
[0m18:54:52.464804 [debug] [MainThread]: Sending event: {'category': 'dbt', 'action': 'adapter_info', 'label': 'a7aec34e-a9ba-4432-90e5-7a414f2bc9f6', 'context': [<snowplow_tracker.self_describing_json.SelfDescribingJson object at 0x0000024944CF8E50>]}
[0m18:54:52.466785 [info ] [MainThread]: Registered adapter: snowflake=1.12.0
[0m18:54:53.007157 [debug] [MainThread]: checksum: 3f97c68dea7470a2a1e4216ff223f1f4cf8a522e47e57870a6fc8d9ecd080023, vars: {}, profile: dbt_elt_tpch, target: dev, version: 1.12.0
[0m18:54:53.221746 [debug] [MainThread]: Partial parsing enabled: 0 files deleted, 2 files added, 0 files changed.
[0m18:54:53.222369 [debug] [MainThread]: Partial parsing: added file: dbt_elt_tpch://models\marts\fct__orders.sql
[0m18:54:53.222781 [debug] [MainThread]: Partial parsing: added file: dbt_elt_tpch://models\marts\int_order_items_summary.sql
[0m18:54:53.598601 [debug] [MainThread]: Sending event: {'category': 'dbt', 'action': 'load_project', 'label': 'a7aec34e-a9ba-4432-90e5-7a414f2bc9f6', 'context': [<snowplow_tracker.self_describing_json.SelfDescribingJson object at 0x0000024945617C50>]}
[0m18:54:53.743378 [debug] [MainThread]: Wrote artifact WritableManifest to C:\Users\pc\dbt_elt_tpch\target\manifest.json
[0m18:54:53.747526 [debug] [MainThread]: Wrote artifact SemanticManifest to C:\Users\pc\dbt_elt_tpch\target\semantic_manifest.json
[0m18:54:53.784103 [debug] [MainThread]: Wrote artifact OsiDocument to C:\Users\pc\dbt_elt_tpch\target\osi_document.json
[0m18:54:53.798321 [debug] [MainThread]: Sending event: {'category': 'dbt', 'action': 'resource_counts', 'label': 'a7aec34e-a9ba-4432-90e5-7a414f2bc9f6', 'context': [<snowplow_tracker.self_describing_json.SelfDescribingJson object at 0x000002494581A430>]}
[0m18:54:53.798992 [info ] [MainThread]: Found 5 models, 3 data tests, 2 sources, 660 macros
[0m18:54:53.799551 [debug] [MainThread]: Sending event: {'category': 'dbt', 'action': 'runnable_timing', 'label': 'a7aec34e-a9ba-4432-90e5-7a414f2bc9f6', 'context': [<snowplow_tracker.self_describing_json.SelfDescribingJson object at 0x00000249458D7A00>]}
[0m18:54:53.801504 [info ] [MainThread]: 
[0m18:54:53.802064 [info ] [MainThread]: Concurrency: 10 threads (target='dev')
[0m18:54:53.802494 [info ] [MainThread]: 
[0m18:54:53.803116 [debug] [MainThread]: Acquiring new snowflake connection 'master'
[0m18:54:53.804157 [debug] [ThreadPool]: Acquiring new snowflake connection 'list_dbt_db'
[0m18:54:53.821188 [debug] [ThreadPool]: Using snowflake connection "list_dbt_db"
[0m18:54:53.821659 [debug] [ThreadPool]: On list_dbt_db: show terse schemas in database dbt_db
    limit 10000
/* {"app": "dbt", "dbt_version": "1.12.0", "profile_name": "dbt_elt_tpch", "target_name": "dev", "connection_name": "list_dbt_db"} */
[0m18:54:53.822017 [debug] [ThreadPool]: Opening a new connection, currently in state init
[0m18:54:55.436104 [debug] [ThreadPool]: SQL status: SUCCESS 3 in 1.614 seconds
[0m18:54:55.457376 [debug] [ThreadPool]: Acquiring new snowflake connection 'list_dbt_db_dbt_schema'
[0m18:54:55.476307 [debug] [ThreadPool]: Using snowflake connection "list_dbt_db_dbt_schema"
[0m18:54:55.476931 [debug] [ThreadPool]: On list_dbt_db_dbt_schema: show objects in dbt_db.dbt_schema
    limit 10000
    

/* {"app": "dbt", "dbt_version": "1.12.0", "profile_name": "dbt_elt_tpch", "target_name": "dev", "connection_name": "list_dbt_db_dbt_schema"} */;
[0m18:54:55.477437 [debug] [ThreadPool]: Opening a new connection, currently in state init
[0m18:54:56.569578 [debug] [ThreadPool]: SQL status: SUCCESS 3 in 1.092 seconds
[0m18:54:56.577116 [debug] [ThreadPool]: Using snowflake connection "list_dbt_db_dbt_schema"
[0m18:54:56.577588 [debug] [ThreadPool]: On list_dbt_db_dbt_schema: show user functions in dbt_db.dbt_schema
/* {"app": "dbt", "dbt_version": "1.12.0", "profile_name": "dbt_elt_tpch", "target_name": "dev", "connection_name": "list_dbt_db_dbt_schema"} */
[0m18:54:56.685854 [debug] [ThreadPool]: SQL status: SUCCESS 0 in 0.108 seconds
[0m18:54:56.690957 [debug] [MainThread]: Sending event: {'category': 'dbt', 'action': 'runnable_timing', 'label': 'a7aec34e-a9ba-4432-90e5-7a414f2bc9f6', 'context': [<snowplow_tracker.self_describing_json.SelfDescribingJson object at 0x00000249458C7A10>]}
[0m18:54:56.705332 [debug] [Thread-2 (]: Began running node model.dbt_elt_tpch.fct__orders
[0m18:54:56.706582 [info ] [Thread-2 (]: 1 of 1 START sql table model dbt_schema.fct__orders ............................ [RUN]
[0m18:54:56.707996 [debug] [Thread-2 (]: Acquiring new snowflake connection 'model.dbt_elt_tpch.fct__orders'
[0m18:54:56.708842 [debug] [Thread-2 (]: Began compiling node model.dbt_elt_tpch.fct__orders
[0m18:54:56.722370 [debug] [Thread-2 (]: Writing injected SQL for node "model.dbt_elt_tpch.fct__orders"
[0m18:54:56.724456 [debug] [Thread-2 (]: Began executing node model.dbt_elt_tpch.fct__orders
[0m18:54:56.765992 [debug] [Thread-2 (]: Writing runtime sql for node "model.dbt_elt_tpch.fct__orders"
[0m18:54:56.768528 [debug] [Thread-2 (]: Using snowflake connection "model.dbt_elt_tpch.fct__orders"
[0m18:54:56.769064 [debug] [Thread-2 (]: On model.dbt_elt_tpch.fct__orders: create or replace transient table dbt_db.dbt_schema.fct__orders
    
    
    
    
    

    as (select
    orders.*,
    order_item_summary.gross_item_sales_amount,
    order_item_summary.item_discount_amount
from
    dbt_db.dbt_schema.stg__tpch_orders AS orders
join
    dbt_db.dbt_schema.int_order_items_summary as order_item_summary
        on orders.order_key = order_item_summary.order_key
order by order_date
    )

/* {"app": "dbt", "dbt_version": "1.12.0", "profile_name": "dbt_elt_tpch", "target_name": "dev", "node_id": "model.dbt_elt_tpch.fct__orders"} */;
[0m18:54:56.769539 [debug] [Thread-2 (]: Opening a new connection, currently in state init
[0m18:54:57.345069 [debug] [Thread-2 (]: Snowflake adapter: Snowflake query id: 01c6fb72-0002-14a0-0000-0002c3166761
[0m18:54:57.345583 [debug] [Thread-2 (]: Snowflake adapter: Snowflake error: 002003 (42S02): SQL compilation error:
Object 'DBT_DB.DBT_SCHEMA.INT_ORDER_ITEMS_SUMMARY' does not exist or not authorized.
[0m18:54:57.357930 [debug] [Thread-2 (]: Database Error in model fct__orders (models\marts\fct__orders.sql)
  002003 (42S02): SQL compilation error:
  Object 'DBT_DB.DBT_SCHEMA.INT_ORDER_ITEMS_SUMMARY' does not exist or not authorized.
  compiled code at target\run\dbt_elt_tpch\models\marts\fct__orders.sql
[0m18:54:57.360437 [debug] [Thread-2 (]: Sending event: {'category': 'dbt', 'action': 'run_model', 'label': 'a7aec34e-a9ba-4432-90e5-7a414f2bc9f6', 'context': [<snowplow_tracker.self_describing_json.SelfDescribingJson object at 0x000002492FA65FF0>]}
[0m18:54:57.361206 [error] [Thread-2 (]: 1 of 1 ERROR creating sql table model dbt_schema.fct__orders ................... [[31mERROR[0m in 0.65s]
[0m18:54:57.362031 [debug] [Thread-2 (]: Finished running node model.dbt_elt_tpch.fct__orders
[0m18:54:57.362683 [debug] [Thread-14 ]: Marking all children of 'model.dbt_elt_tpch.fct__orders' to be skipped because of status 'error'.  Reason: Database Error in model fct__orders (models\marts\fct__orders.sql)
  002003 (42S02): SQL compilation error:
  Object 'DBT_DB.DBT_SCHEMA.INT_ORDER_ITEMS_SUMMARY' does not exist or not authorized.
  compiled code at target\run\dbt_elt_tpch\models\marts\fct__orders.sql.
[0m18:54:57.365166 [debug] [MainThread]: Connection 'master' was properly closed.
[0m18:54:57.365560 [debug] [MainThread]: Connection 'list_dbt_db' was left open.
[0m18:54:57.365917 [debug] [MainThread]: On list_dbt_db: Close
[0m18:54:57.514025 [debug] [MainThread]: Connection 'list_dbt_db_dbt_schema' was left open.
[0m18:54:57.514927 [debug] [MainThread]: On list_dbt_db_dbt_schema: Close
[0m18:54:57.665984 [debug] [MainThread]: Connection 'model.dbt_elt_tpch.fct__orders' was left open.
[0m18:54:57.667650 [debug] [MainThread]: On model.dbt_elt_tpch.fct__orders: Close
[0m18:54:57.821671 [info ] [MainThread]: 
[0m18:54:57.822573 [info ] [MainThread]: Finished running 1 table model in 0 hours 0 minutes and 4.02 seconds (4.02s).
[0m18:54:57.823980 [debug] [MainThread]: Command end result
[0m18:54:57.921374 [debug] [MainThread]: Wrote artifact WritableManifest to C:\Users\pc\dbt_elt_tpch\target\manifest.json
[0m18:54:57.925321 [debug] [MainThread]: Wrote artifact SemanticManifest to C:\Users\pc\dbt_elt_tpch\target\semantic_manifest.json
[0m18:54:57.929246 [debug] [MainThread]: Wrote artifact OsiDocument to C:\Users\pc\dbt_elt_tpch\target\osi_document.json
[0m18:54:57.937283 [debug] [MainThread]: Wrote artifact RunExecutionResult to C:\Users\pc\dbt_elt_tpch\target\run_results.json
[0m18:54:57.937753 [info ] [MainThread]: 
[0m18:54:57.938370 [info ] [MainThread]: [31mCompleted with 1 error, 0 partial successes, and 0 warnings:[0m
[0m18:54:57.938907 [info ] [MainThread]: 
[0m18:54:57.939467 [error] [MainThread]: [[31mERROR[0m]: in model fct__orders (models\marts\fct__orders.sql)
[0m18:54:57.940100 [error] [MainThread]:   Database Error in model fct__orders (models\marts\fct__orders.sql)
  002003 (42S02): SQL compilation error:
  Object 'DBT_DB.DBT_SCHEMA.INT_ORDER_ITEMS_SUMMARY' does not exist or not authorized.
  compiled code at target\run\dbt_elt_tpch\models\marts\fct__orders.sql
[0m18:54:57.940555 [info ] [MainThread]: 
[0m18:54:57.941036 [info ] [MainThread]:   compiled code at target\compiled\dbt_elt_tpch\models\marts\fct__orders.sql
[0m18:54:57.941515 [info ] [MainThread]: 
[0m18:54:57.941969 [info ] [MainThread]: Done. PASS=0 WARN=0 ERROR=1 SKIP=0 NO-OP=0 REUSED=0 TOTAL=1
[0m18:54:57.942606 [warn ] [MainThread]: [[33mWARNING[0m][DeprecationsSummary]: Deprecated functionality
Summary of encountered deprecations:
- MissingPlusPrefixDeprecation: 4 occurrences
To see all deprecation instances instead of just the first occurrence of each,
run command again with the `--show-all-deprecations` flag. You may also need to
run with `--no-partial-parse` as some deprecations are only encountered during
parsing.
[0m18:54:57.944003 [debug] [MainThread]: Command `dbt run` failed at 18:54:57.943823 after 7.10 seconds
[0m18:54:57.944662 [debug] [MainThread]: Sending event: {'category': 'dbt', 'action': 'invocation', 'label': 'end', 'context': [<snowplow_tracker.self_describing_json.SelfDescribingJson object at 0x0000024929CDF6B0>, <snowplow_tracker.self_describing_json.SelfDescribingJson object at 0x0000024945938320>, <snowplow_tracker.self_describing_json.SelfDescribingJson object at 0x000002492D6B71D0>]}
[0m18:54:57.945202 [debug] [MainThread]: Flushing usage events
[0m18:54:58.953030 [debug] [MainThread]: An error was encountered while trying to flush usage events
[0m18:55:09.643990 [debug] [MainThread]: Sending event: {'category': 'dbt', 'action': 'invocation', 'label': 'start', 'context': [<snowplow_tracker.self_describing_json.SelfDescribingJson object at 0x000001B49322D550>, <snowplow_tracker.self_describing_json.SelfDescribingJson object at 0x000001B490CF56D0>, <snowplow_tracker.self_describing_json.SelfDescribingJson object at 0x000001B495BF3890>]}


============================== 18:55:09.655132 | 68b5d500-c4dc-4964-bcd9-b4344f4795b6 ==============================
[0m18:55:09.655132 [info ] [MainThread]: Running with dbt=1.12.0
[0m18:55:09.655941 [debug] [MainThread]: running dbt with arguments {'static_parser': 'True', 'no_print': 'None', 'maximum_seed_size_mib': '1', 'target_path': 'None', 'version_check': 'True', 'warn_error_options': 'WarnErrorOptionsV2(error=[], warn=[], silence=[])', 'printer_width': '80', 'write_json': 'True', 'introspect': 'True', 'log_cache_events': 'False', 'empty': 'False', 'cache_selected_only': 'False', 'fail_fast': 'False', 'debug': 'False', 'log_format': 'default', 'profiles_dir': 'C:\\Users\\pc\\.dbt', 'send_anonymous_usage_stats': 'True', 'quiet': 'False', 'warn_error': 'None', 'partial_parse': 'True', 'indirect_selection': 'eager', 'hints_enabled': 'True', 'use_colors': 'True', 'use_experimental_parser': 'False', 'invocation_command': 'dbt compile -s fct__orders', 'log_path': 'C:\\Users\\pc\\dbt_elt_tpch\\logs'}
[0m18:55:10.446078 [debug] [MainThread]: Snowflake adapter: Setting snowflake.connector to ERROR (file logging only)
[0m18:55:10.446670 [debug] [MainThread]: Snowflake adapter: Setting botocore to ERROR (file logging only)
[0m18:55:10.447102 [debug] [MainThread]: Snowflake adapter: Setting boto3 to ERROR (file logging only)
[0m18:55:10.636881 [warn ] [MainThread]: [[33mWARNING[0m][MissingPlusPrefixDeprecation]: Deprecated functionality
Missing '+' prefix on `materialized` found at
`dbt_elt_tpch.staging.materialized` in file
`C:\Users\pc\dbt_elt_tpch\dbt_project.yml`. Hierarchical config values without a
'+' prefix are deprecated in dbt_project.yml.
[0m18:55:10.637564 [debug] [MainThread]: Sending event: {'category': 'dbt', 'action': 'deprecation', 'label': '68b5d500-c4dc-4964-bcd9-b4344f4795b6', 'property_': 'warn', 'context': [<snowplow_tracker.self_describing_json.SelfDescribingJson object at 0x000001B4A88D23F0>]}
[0m18:55:10.831737 [debug] [MainThread]: Sending event: {'category': 'dbt', 'action': 'project_id', 'label': '68b5d500-c4dc-4964-bcd9-b4344f4795b6', 'context': [<snowplow_tracker.self_describing_json.SelfDescribingJson object at 0x000001B4A8D93790>]}
[0m18:55:10.910265 [debug] [MainThread]: Sending event: {'category': 'dbt', 'action': 'adapter_info', 'label': '68b5d500-c4dc-4964-bcd9-b4344f4795b6', 'context': [<snowplow_tracker.self_describing_json.SelfDescribingJson object at 0x000001B4A8B2CE50>]}
[0m18:55:10.912315 [info ] [MainThread]: Registered adapter: snowflake=1.12.0
[0m18:55:11.448016 [debug] [MainThread]: checksum: 3f97c68dea7470a2a1e4216ff223f1f4cf8a522e47e57870a6fc8d9ecd080023, vars: {}, profile: dbt_elt_tpch, target: dev, version: 1.12.0
[0m18:55:11.673348 [debug] [MainThread]: Partial parsing enabled: 0 files deleted, 0 files added, 0 files changed.
[0m18:55:11.673811 [debug] [MainThread]: Nothing changed, skipping partial parsing.
[0m18:55:11.674162 [debug] [MainThread]: Partial parsing enabled, no changes found, skipping parsing
[0m18:55:11.687036 [debug] [MainThread]: Sending event: {'category': 'dbt', 'action': 'load_project', 'label': '68b5d500-c4dc-4964-bcd9-b4344f4795b6', 'context': [<snowplow_tracker.self_describing_json.SelfDescribingJson object at 0x000001B4A9106C60>]}
[0m18:55:11.865159 [debug] [MainThread]: Wrote artifact WritableManifest to C:\Users\pc\dbt_elt_tpch\target\manifest.json
[0m18:55:11.869294 [debug] [MainThread]: Wrote artifact SemanticManifest to C:\Users\pc\dbt_elt_tpch\target\semantic_manifest.json
[0m18:55:11.903953 [debug] [MainThread]: Wrote artifact OsiDocument to C:\Users\pc\dbt_elt_tpch\target\osi_document.json
[0m18:55:11.917093 [debug] [MainThread]: Sending event: {'category': 'dbt', 'action': 'resource_counts', 'label': '68b5d500-c4dc-4964-bcd9-b4344f4795b6', 'context': [<snowplow_tracker.self_describing_json.SelfDescribingJson object at 0x000001B4A941AB30>]}
[0m18:55:11.917674 [info ] [MainThread]: Found 5 models, 3 data tests, 2 sources, 660 macros
[0m18:55:11.918207 [debug] [MainThread]: Sending event: {'category': 'dbt', 'action': 'runnable_timing', 'label': '68b5d500-c4dc-4964-bcd9-b4344f4795b6', 'context': [<snowplow_tracker.self_describing_json.SelfDescribingJson object at 0x000001B4A9109A50>]}
[0m18:55:11.920154 [info ] [MainThread]: 
[0m18:55:11.920709 [info ] [MainThread]: Concurrency: 10 threads (target='dev')
[0m18:55:11.921269 [info ] [MainThread]: 
[0m18:55:11.921957 [debug] [MainThread]: Acquiring new snowflake connection 'master'
[0m18:55:11.927492 [debug] [ThreadPool]: Acquiring new snowflake connection 'list_dbt_db_dbt_schema'
[0m18:55:11.956818 [debug] [ThreadPool]: Using snowflake connection "list_dbt_db_dbt_schema"
[0m18:55:11.957643 [debug] [ThreadPool]: On list_dbt_db_dbt_schema: show objects in dbt_db.dbt_schema
    limit 10000
    

/* {"app": "dbt", "dbt_version": "1.12.0", "profile_name": "dbt_elt_tpch", "target_name": "dev", "connection_name": "list_dbt_db_dbt_schema"} */;
[0m18:55:11.958101 [debug] [ThreadPool]: Opening a new connection, currently in state init
[0m18:55:13.431295 [debug] [ThreadPool]: SQL status: SUCCESS 3 in 1.473 seconds
[0m18:55:13.438277 [debug] [ThreadPool]: Using snowflake connection "list_dbt_db_dbt_schema"
[0m18:55:13.438758 [debug] [ThreadPool]: On list_dbt_db_dbt_schema: show user functions in dbt_db.dbt_schema
/* {"app": "dbt", "dbt_version": "1.12.0", "profile_name": "dbt_elt_tpch", "target_name": "dev", "connection_name": "list_dbt_db_dbt_schema"} */
[0m18:55:13.557312 [debug] [ThreadPool]: SQL status: SUCCESS 0 in 0.118 seconds
[0m18:55:13.561137 [debug] [MainThread]: Sending event: {'category': 'dbt', 'action': 'runnable_timing', 'label': '68b5d500-c4dc-4964-bcd9-b4344f4795b6', 'context': [<snowplow_tracker.self_describing_json.SelfDescribingJson object at 0x000001B4A90B25D0>]}
[0m18:55:13.569383 [debug] [Thread-2 (]: Began running node model.dbt_elt_tpch.fct__orders
[0m18:55:13.570099 [debug] [Thread-2 (]: Acquiring new snowflake connection 'model.dbt_elt_tpch.fct__orders'
[0m18:55:13.570544 [debug] [Thread-2 (]: Began compiling node model.dbt_elt_tpch.fct__orders
[0m18:55:13.577758 [debug] [Thread-2 (]: Writing injected SQL for node "model.dbt_elt_tpch.fct__orders"
[0m18:55:13.579011 [debug] [Thread-2 (]: Began executing node model.dbt_elt_tpch.fct__orders
[0m18:55:13.580056 [debug] [Thread-2 (]: Finished running node model.dbt_elt_tpch.fct__orders
[0m18:55:13.581849 [debug] [MainThread]: Connection 'master' was properly closed.
[0m18:55:13.582287 [debug] [MainThread]: Connection 'list_dbt_db_dbt_schema' was left open.
[0m18:55:13.582672 [debug] [MainThread]: On list_dbt_db_dbt_schema: Close
[0m18:55:13.751357 [debug] [MainThread]: Connection 'model.dbt_elt_tpch.fct__orders' was properly closed.
[0m18:55:13.752462 [debug] [MainThread]: Command end result
[0m18:55:13.804468 [debug] [MainThread]: Wrote artifact WritableManifest to C:\Users\pc\dbt_elt_tpch\target\manifest.json
[0m18:55:13.808298 [debug] [MainThread]: Wrote artifact SemanticManifest to C:\Users\pc\dbt_elt_tpch\target\semantic_manifest.json
[0m18:55:13.812332 [debug] [MainThread]: Wrote artifact OsiDocument to C:\Users\pc\dbt_elt_tpch\target\osi_document.json
[0m18:55:13.821240 [debug] [MainThread]: Wrote artifact RunExecutionResult to C:\Users\pc\dbt_elt_tpch\target\run_results.json
[0m18:55:13.821759 [info ] [MainThread]: Compiled node 'fct__orders' is:
select
    orders.*,
    order_item_summary.gross_item_sales_amount,
    order_item_summary.item_discount_amount
from
    dbt_db.dbt_schema.stg__tpch_orders AS orders
join
    dbt_db.dbt_schema.int_order_items_summary as order_item_summary
        on orders.order_key = order_item_summary.order_key
order by order_date
[0m18:55:13.822619 [warn ] [MainThread]: [[33mWARNING[0m][DeprecationsSummary]: Deprecated functionality
Summary of encountered deprecations:
- MissingPlusPrefixDeprecation: 4 occurrences
To see all deprecation instances instead of just the first occurrence of each,
run command again with the `--show-all-deprecations` flag. You may also need to
run with `--no-partial-parse` as some deprecations are only encountered during
parsing.
[0m18:55:13.824105 [debug] [MainThread]: Command `dbt compile` succeeded at 18:55:13.823955 after 4.35 seconds
[0m18:55:13.824568 [debug] [MainThread]: Sending event: {'category': 'dbt', 'action': 'invocation', 'label': 'end', 'context': [<snowplow_tracker.self_describing_json.SelfDescribingJson object at 0x000001B4A9634CB0>, <snowplow_tracker.self_describing_json.SelfDescribingJson object at 0x000001B48F520870>, <snowplow_tracker.self_describing_json.SelfDescribingJson object at 0x000001B4A8E44A50>]}
[0m18:55:13.825016 [debug] [MainThread]: Flushing usage events
[0m18:55:14.824509 [debug] [MainThread]: An error was encountered while trying to flush usage events
[0m18:55:23.353000 [debug] [MainThread]: Sending event: {'category': 'dbt', 'action': 'invocation', 'label': 'start', 'context': [<snowplow_tracker.self_describing_json.SelfDescribingJson object at 0x000002125E28D550>, <snowplow_tracker.self_describing_json.SelfDescribingJson object at 0x000002125BD55810>, <snowplow_tracker.self_describing_json.SelfDescribingJson object at 0x0000021260C53890>]}


============================== 18:55:23.364440 | ca7674bb-4b9f-4c66-8f47-e07dfccd8ca2 ==============================
[0m18:55:23.364440 [info ] [MainThread]: Running with dbt=1.12.0
[0m18:55:23.365446 [debug] [MainThread]: running dbt with arguments {'version_check': 'True', 'no_print': 'None', 'static_parser': 'True', 'warn_error_options': 'WarnErrorOptionsV2(error=[], warn=[], silence=[])', 'maximum_seed_size_mib': '1', 'target_path': 'None', 'printer_width': '80', 'write_json': 'True', 'empty': 'False', 'log_cache_events': 'False', 'introspect': 'True', 'cache_selected_only': 'False', 'fail_fast': 'False', 'debug': 'False', 'log_format': 'default', 'profiles_dir': 'C:\\Users\\pc\\.dbt', 'send_anonymous_usage_stats': 'True', 'quiet': 'False', 'warn_error': 'None', 'partial_parse': 'True', 'indirect_selection': 'eager', 'hints_enabled': 'True', 'use_colors': 'True', 'use_experimental_parser': 'False', 'invocation_command': 'dbt run -s fct__orders+', 'log_path': 'C:\\Users\\pc\\dbt_elt_tpch\\logs'}
[0m18:55:24.277453 [debug] [MainThread]: Snowflake adapter: Setting snowflake.connector to ERROR (file logging only)
[0m18:55:24.278070 [debug] [MainThread]: Snowflake adapter: Setting botocore to ERROR (file logging only)
[0m18:55:24.278569 [debug] [MainThread]: Snowflake adapter: Setting boto3 to ERROR (file logging only)
[0m18:55:24.533916 [warn ] [MainThread]: [[33mWARNING[0m][MissingPlusPrefixDeprecation]: Deprecated functionality
Missing '+' prefix on `snowflake_warehouse` found at
`dbt_elt_tpch.marts.snowflake_warehouse` in file
`C:\Users\pc\dbt_elt_tpch\dbt_project.yml`. Hierarchical config values without a
'+' prefix are deprecated in dbt_project.yml.
[0m18:55:24.534727 [debug] [MainThread]: Sending event: {'category': 'dbt', 'action': 'deprecation', 'label': 'ca7674bb-4b9f-4c66-8f47-e07dfccd8ca2', 'property_': 'warn', 'context': [<snowplow_tracker.self_describing_json.SelfDescribingJson object at 0x00000212738D23F0>]}
[0m18:55:24.753339 [debug] [MainThread]: Sending event: {'category': 'dbt', 'action': 'project_id', 'label': 'ca7674bb-4b9f-4c66-8f47-e07dfccd8ca2', 'context': [<snowplow_tracker.self_describing_json.SelfDescribingJson object at 0x0000021273D93790>]}
[0m18:55:24.831662 [debug] [MainThread]: Sending event: {'category': 'dbt', 'action': 'adapter_info', 'label': 'ca7674bb-4b9f-4c66-8f47-e07dfccd8ca2', 'context': [<snowplow_tracker.self_describing_json.SelfDescribingJson object at 0x0000021273B2CE50>]}
[0m18:55:24.833539 [info ] [MainThread]: Registered adapter: snowflake=1.12.0
[0m18:55:25.398503 [debug] [MainThread]: checksum: 3f97c68dea7470a2a1e4216ff223f1f4cf8a522e47e57870a6fc8d9ecd080023, vars: {}, profile: dbt_elt_tpch, target: dev, version: 1.12.0
[0m18:55:25.637606 [debug] [MainThread]: Partial parsing enabled: 0 files deleted, 0 files added, 0 files changed.
[0m18:55:25.638106 [debug] [MainThread]: Nothing changed, skipping partial parsing.
[0m18:55:25.638537 [debug] [MainThread]: Partial parsing enabled, no changes found, skipping parsing
[0m18:55:25.651577 [debug] [MainThread]: Sending event: {'category': 'dbt', 'action': 'load_project', 'label': 'ca7674bb-4b9f-4c66-8f47-e07dfccd8ca2', 'context': [<snowplow_tracker.self_describing_json.SelfDescribingJson object at 0x0000021274106C60>]}
[0m18:55:25.858229 [debug] [MainThread]: Wrote artifact WritableManifest to C:\Users\pc\dbt_elt_tpch\target\manifest.json
[0m18:55:25.862490 [debug] [MainThread]: Wrote artifact SemanticManifest to C:\Users\pc\dbt_elt_tpch\target\semantic_manifest.json
[0m18:55:25.907769 [debug] [MainThread]: Wrote artifact OsiDocument to C:\Users\pc\dbt_elt_tpch\target\osi_document.json
[0m18:55:25.924436 [debug] [MainThread]: Sending event: {'category': 'dbt', 'action': 'resource_counts', 'label': 'ca7674bb-4b9f-4c66-8f47-e07dfccd8ca2', 'context': [<snowplow_tracker.self_describing_json.SelfDescribingJson object at 0x000002127441F3F0>]}
[0m18:55:25.925392 [info ] [MainThread]: Found 5 models, 3 data tests, 2 sources, 660 macros
[0m18:55:25.926318 [debug] [MainThread]: Sending event: {'category': 'dbt', 'action': 'runnable_timing', 'label': 'ca7674bb-4b9f-4c66-8f47-e07dfccd8ca2', 'context': [<snowplow_tracker.self_describing_json.SelfDescribingJson object at 0x000002127410A340>]}
[0m18:55:25.928424 [info ] [MainThread]: 
[0m18:55:25.929066 [info ] [MainThread]: Concurrency: 10 threads (target='dev')
[0m18:55:25.929584 [info ] [MainThread]: 
[0m18:55:25.930540 [debug] [MainThread]: Acquiring new snowflake connection 'master'
[0m18:55:25.932608 [debug] [ThreadPool]: Acquiring new snowflake connection 'list_dbt_db'
[0m18:55:25.962450 [debug] [ThreadPool]: Using snowflake connection "list_dbt_db"
[0m18:55:25.963230 [debug] [ThreadPool]: On list_dbt_db: show terse schemas in database dbt_db
    limit 10000
/* {"app": "dbt", "dbt_version": "1.12.0", "profile_name": "dbt_elt_tpch", "target_name": "dev", "connection_name": "list_dbt_db"} */
[0m18:55:25.964117 [debug] [ThreadPool]: Opening a new connection, currently in state init
[0m18:55:27.319536 [debug] [ThreadPool]: SQL status: SUCCESS 3 in 1.355 seconds
[0m18:55:27.333757 [debug] [ThreadPool]: Acquiring new snowflake connection 'list_dbt_db_dbt_schema'
[0m18:55:27.356268 [debug] [ThreadPool]: Using snowflake connection "list_dbt_db_dbt_schema"
[0m18:55:27.356927 [debug] [ThreadPool]: On list_dbt_db_dbt_schema: show objects in dbt_db.dbt_schema
    limit 10000
    

/* {"app": "dbt", "dbt_version": "1.12.0", "profile_name": "dbt_elt_tpch", "target_name": "dev", "connection_name": "list_dbt_db_dbt_schema"} */;
[0m18:55:27.357390 [debug] [ThreadPool]: Opening a new connection, currently in state init
[0m18:55:28.488880 [debug] [ThreadPool]: SQL status: SUCCESS 3 in 1.131 seconds
[0m18:55:28.498730 [debug] [ThreadPool]: Using snowflake connection "list_dbt_db_dbt_schema"
[0m18:55:28.499463 [debug] [ThreadPool]: On list_dbt_db_dbt_schema: show user functions in dbt_db.dbt_schema
/* {"app": "dbt", "dbt_version": "1.12.0", "profile_name": "dbt_elt_tpch", "target_name": "dev", "connection_name": "list_dbt_db_dbt_schema"} */
[0m18:55:28.631468 [debug] [ThreadPool]: SQL status: SUCCESS 0 in 0.131 seconds
[0m18:55:28.642824 [debug] [MainThread]: Sending event: {'category': 'dbt', 'action': 'runnable_timing', 'label': 'ca7674bb-4b9f-4c66-8f47-e07dfccd8ca2', 'context': [<snowplow_tracker.self_describing_json.SelfDescribingJson object at 0x00000212745C3950>]}
[0m18:55:28.657743 [debug] [Thread-2 (]: Began running node model.dbt_elt_tpch.fct__orders
[0m18:55:28.658681 [info ] [Thread-2 (]: 1 of 1 START sql table model dbt_schema.fct__orders ............................ [RUN]
[0m18:55:28.659782 [debug] [Thread-2 (]: Acquiring new snowflake connection 'model.dbt_elt_tpch.fct__orders'
[0m18:55:28.660427 [debug] [Thread-2 (]: Began compiling node model.dbt_elt_tpch.fct__orders
[0m18:55:28.670423 [debug] [Thread-2 (]: Writing injected SQL for node "model.dbt_elt_tpch.fct__orders"
[0m18:55:28.672210 [debug] [Thread-2 (]: Began executing node model.dbt_elt_tpch.fct__orders
[0m18:55:28.724825 [debug] [Thread-2 (]: Writing runtime sql for node "model.dbt_elt_tpch.fct__orders"
[0m18:55:28.726662 [debug] [Thread-2 (]: Using snowflake connection "model.dbt_elt_tpch.fct__orders"
[0m18:55:28.727198 [debug] [Thread-2 (]: On model.dbt_elt_tpch.fct__orders: create or replace transient table dbt_db.dbt_schema.fct__orders
    
    
    
    
    

    as (select
    orders.*,
    order_item_summary.gross_item_sales_amount,
    order_item_summary.item_discount_amount
from
    dbt_db.dbt_schema.stg__tpch_orders AS orders
join
    dbt_db.dbt_schema.int_order_items_summary as order_item_summary
        on orders.order_key = order_item_summary.order_key
order by order_date
    )

/* {"app": "dbt", "dbt_version": "1.12.0", "profile_name": "dbt_elt_tpch", "target_name": "dev", "node_id": "model.dbt_elt_tpch.fct__orders"} */;
[0m18:55:28.727647 [debug] [Thread-2 (]: Opening a new connection, currently in state init
[0m18:55:29.281168 [debug] [Thread-2 (]: Snowflake adapter: Snowflake query id: 01c6fb73-0002-14a0-0000-0002c3166771
[0m18:55:29.282285 [debug] [Thread-2 (]: Snowflake adapter: Snowflake error: 002003 (42S02): SQL compilation error:
Object 'DBT_DB.DBT_SCHEMA.INT_ORDER_ITEMS_SUMMARY' does not exist or not authorized.
[0m18:55:29.292260 [debug] [Thread-2 (]: Database Error in model fct__orders (models\marts\fct__orders.sql)
  002003 (42S02): SQL compilation error:
  Object 'DBT_DB.DBT_SCHEMA.INT_ORDER_ITEMS_SUMMARY' does not exist or not authorized.
  compiled code at target\run\dbt_elt_tpch\models\marts\fct__orders.sql
[0m18:55:29.295127 [debug] [Thread-2 (]: Sending event: {'category': 'dbt', 'action': 'run_model', 'label': 'ca7674bb-4b9f-4c66-8f47-e07dfccd8ca2', 'context': [<snowplow_tracker.self_describing_json.SelfDescribingJson object at 0x000002125E935FF0>]}
[0m18:55:29.296088 [error] [Thread-2 (]: 1 of 1 ERROR creating sql table model dbt_schema.fct__orders ................... [[31mERROR[0m in 0.63s]
[0m18:55:29.297892 [debug] [Thread-2 (]: Finished running node model.dbt_elt_tpch.fct__orders
[0m18:55:29.298883 [debug] [Thread-14 ]: Marking all children of 'model.dbt_elt_tpch.fct__orders' to be skipped because of status 'error'.  Reason: Database Error in model fct__orders (models\marts\fct__orders.sql)
  002003 (42S02): SQL compilation error:
  Object 'DBT_DB.DBT_SCHEMA.INT_ORDER_ITEMS_SUMMARY' does not exist or not authorized.
  compiled code at target\run\dbt_elt_tpch\models\marts\fct__orders.sql.
[0m18:55:29.301606 [debug] [MainThread]: Connection 'master' was properly closed.
[0m18:55:29.302029 [debug] [MainThread]: Connection 'list_dbt_db' was left open.
[0m18:55:29.302394 [debug] [MainThread]: On list_dbt_db: Close
[0m18:55:29.476895 [debug] [MainThread]: Connection 'list_dbt_db_dbt_schema' was left open.
[0m18:55:29.477446 [debug] [MainThread]: On list_dbt_db_dbt_schema: Close
[0m18:55:29.627521 [debug] [MainThread]: Connection 'model.dbt_elt_tpch.fct__orders' was left open.
[0m18:55:29.628483 [debug] [MainThread]: On model.dbt_elt_tpch.fct__orders: Close
[0m18:55:29.801320 [info ] [MainThread]: 
[0m18:55:29.802379 [info ] [MainThread]: Finished running 1 table model in 0 hours 0 minutes and 3.87 seconds (3.87s).
[0m18:55:29.804056 [debug] [MainThread]: Command end result
[0m18:55:29.932486 [debug] [MainThread]: Wrote artifact WritableManifest to C:\Users\pc\dbt_elt_tpch\target\manifest.json
[0m18:55:29.941090 [debug] [MainThread]: Wrote artifact SemanticManifest to C:\Users\pc\dbt_elt_tpch\target\semantic_manifest.json
[0m18:55:29.946036 [debug] [MainThread]: Wrote artifact OsiDocument to C:\Users\pc\dbt_elt_tpch\target\osi_document.json
[0m18:55:29.961522 [debug] [MainThread]: Wrote artifact RunExecutionResult to C:\Users\pc\dbt_elt_tpch\target\run_results.json
[0m18:55:29.962653 [info ] [MainThread]: 
[0m18:55:29.965010 [info ] [MainThread]: [31mCompleted with 1 error, 0 partial successes, and 0 warnings:[0m
[0m18:55:29.968333 [info ] [MainThread]: 
[0m18:55:29.969451 [error] [MainThread]: [[31mERROR[0m]: in model fct__orders (models\marts\fct__orders.sql)
[0m18:55:29.970595 [error] [MainThread]:   Database Error in model fct__orders (models\marts\fct__orders.sql)
  002003 (42S02): SQL compilation error:
  Object 'DBT_DB.DBT_SCHEMA.INT_ORDER_ITEMS_SUMMARY' does not exist or not authorized.
  compiled code at target\run\dbt_elt_tpch\models\marts\fct__orders.sql
[0m18:55:29.971346 [info ] [MainThread]: 
[0m18:55:29.972605 [info ] [MainThread]:   compiled code at target\compiled\dbt_elt_tpch\models\marts\fct__orders.sql
[0m18:55:29.973718 [info ] [MainThread]: 
[0m18:55:29.974707 [info ] [MainThread]: Done. PASS=0 WARN=0 ERROR=1 SKIP=0 NO-OP=0 REUSED=0 TOTAL=1
[0m18:55:29.975723 [warn ] [MainThread]: [[33mWARNING[0m][DeprecationsSummary]: Deprecated functionality
Summary of encountered deprecations:
- MissingPlusPrefixDeprecation: 4 occurrences
To see all deprecation instances instead of just the first occurrence of each,
run command again with the `--show-all-deprecations` flag. You may also need to
run with `--no-partial-parse` as some deprecations are only encountered during
parsing.
[0m18:55:29.977684 [debug] [MainThread]: Command `dbt run` failed at 18:55:29.977424 after 6.79 seconds
[0m18:55:29.978579 [debug] [MainThread]: Sending event: {'category': 'dbt', 'action': 'invocation', 'label': 'end', 'context': [<snowplow_tracker.self_describing_json.SelfDescribingJson object at 0x0000021258F50870>, <snowplow_tracker.self_describing_json.SelfDescribingJson object at 0x00000212746076E0>, <snowplow_tracker.self_describing_json.SelfDescribingJson object at 0x0000021274042AD0>]}
[0m18:55:29.979680 [debug] [MainThread]: Flushing usage events
[0m18:55:31.042103 [debug] [MainThread]: An error was encountered while trying to flush usage events
[0m18:55:39.874636 [debug] [MainThread]: Sending event: {'category': 'dbt', 'action': 'invocation', 'label': 'start', 'context': [<snowplow_tracker.self_describing_json.SelfDescribingJson object at 0x00000266B2A89550>, <snowplow_tracker.self_describing_json.SelfDescribingJson object at 0x00000266B05616D0>, <snowplow_tracker.self_describing_json.SelfDescribingJson object at 0x00000266B5463890>]}


============================== 18:55:39.885607 | 579ad73c-750c-4bae-86bb-c73e3e053b66 ==============================
[0m18:55:39.885607 [info ] [MainThread]: Running with dbt=1.12.0
[0m18:55:39.886574 [debug] [MainThread]: running dbt with arguments {'version_check': 'True', 'no_print': 'None', 'static_parser': 'True', 'warn_error_options': 'WarnErrorOptionsV2(error=[], warn=[], silence=[])', 'target_path': 'None', 'maximum_seed_size_mib': '1', 'printer_width': '80', 'write_json': 'True', 'introspect': 'True', 'log_cache_events': 'False', 'empty': 'False', 'cache_selected_only': 'False', 'fail_fast': 'False', 'debug': 'False', 'log_format': 'default', 'partial_parse': 'True', 'send_anonymous_usage_stats': 'True', 'quiet': 'False', 'warn_error': 'None', 'profiles_dir': 'C:\\Users\\pc\\.dbt', 'indirect_selection': 'eager', 'hints_enabled': 'True', 'invocation_command': 'dbt run -s +fct__orders', 'use_experimental_parser': 'False', 'use_colors': 'True', 'log_path': 'C:\\Users\\pc\\dbt_elt_tpch\\logs'}
[0m18:55:40.742545 [debug] [MainThread]: Snowflake adapter: Setting snowflake.connector to ERROR (file logging only)
[0m18:55:40.743118 [debug] [MainThread]: Snowflake adapter: Setting botocore to ERROR (file logging only)
[0m18:55:40.743545 [debug] [MainThread]: Snowflake adapter: Setting boto3 to ERROR (file logging only)
[0m18:55:40.941915 [warn ] [MainThread]: [[33mWARNING[0m][MissingPlusPrefixDeprecation]: Deprecated functionality
Missing '+' prefix on `materialized` found at `dbt_elt_tpch.marts.materialized`
in file `C:\Users\pc\dbt_elt_tpch\dbt_project.yml`. Hierarchical config values
without a '+' prefix are deprecated in dbt_project.yml.
[0m18:55:40.942676 [debug] [MainThread]: Sending event: {'category': 'dbt', 'action': 'deprecation', 'label': '579ad73c-750c-4bae-86bb-c73e3e053b66', 'property_': 'warn', 'context': [<snowplow_tracker.self_describing_json.SelfDescribingJson object at 0x00000266C816A3F0>]}
[0m18:55:41.158259 [debug] [MainThread]: Sending event: {'category': 'dbt', 'action': 'project_id', 'label': '579ad73c-750c-4bae-86bb-c73e3e053b66', 'context': [<snowplow_tracker.self_describing_json.SelfDescribingJson object at 0x00000266C8623790>]}
[0m18:55:41.236270 [debug] [MainThread]: Sending event: {'category': 'dbt', 'action': 'adapter_info', 'label': '579ad73c-750c-4bae-86bb-c73e3e053b66', 'context': [<snowplow_tracker.self_describing_json.SelfDescribingJson object at 0x00000266C83B8E50>]}
[0m18:55:41.238243 [info ] [MainThread]: Registered adapter: snowflake=1.12.0
[0m18:55:41.830165 [debug] [MainThread]: checksum: 3f97c68dea7470a2a1e4216ff223f1f4cf8a522e47e57870a6fc8d9ecd080023, vars: {}, profile: dbt_elt_tpch, target: dev, version: 1.12.0
[0m18:55:42.068609 [debug] [MainThread]: Partial parsing enabled: 0 files deleted, 0 files added, 0 files changed.
[0m18:55:42.069093 [debug] [MainThread]: Nothing changed, skipping partial parsing.
[0m18:55:42.069516 [debug] [MainThread]: Partial parsing enabled, no changes found, skipping parsing
[0m18:55:42.081126 [debug] [MainThread]: Sending event: {'category': 'dbt', 'action': 'load_project', 'label': '579ad73c-750c-4bae-86bb-c73e3e053b66', 'context': [<snowplow_tracker.self_describing_json.SelfDescribingJson object at 0x00000266C899EC60>]}
[0m18:55:42.274383 [debug] [MainThread]: Wrote artifact WritableManifest to C:\Users\pc\dbt_elt_tpch\target\manifest.json
[0m18:55:42.279235 [debug] [MainThread]: Wrote artifact SemanticManifest to C:\Users\pc\dbt_elt_tpch\target\semantic_manifest.json
[0m18:55:42.318683 [debug] [MainThread]: Wrote artifact OsiDocument to C:\Users\pc\dbt_elt_tpch\target\osi_document.json
[0m18:55:42.335980 [debug] [MainThread]: Sending event: {'category': 'dbt', 'action': 'resource_counts', 'label': '579ad73c-750c-4bae-86bb-c73e3e053b66', 'context': [<snowplow_tracker.self_describing_json.SelfDescribingJson object at 0x00000266C8CAF3F0>]}
[0m18:55:42.337019 [info ] [MainThread]: Found 5 models, 3 data tests, 2 sources, 660 macros
[0m18:55:42.338115 [debug] [MainThread]: Sending event: {'category': 'dbt', 'action': 'runnable_timing', 'label': '579ad73c-750c-4bae-86bb-c73e3e053b66', 'context': [<snowplow_tracker.self_describing_json.SelfDescribingJson object at 0x00000266C89A2340>]}
[0m18:55:42.340606 [info ] [MainThread]: 
[0m18:55:42.341227 [info ] [MainThread]: Concurrency: 10 threads (target='dev')
[0m18:55:42.341754 [info ] [MainThread]: 
[0m18:55:42.342487 [debug] [MainThread]: Acquiring new snowflake connection 'master'
[0m18:55:42.351095 [debug] [ThreadPool]: Acquiring new snowflake connection 'list_dbt_db'
[0m18:55:42.372881 [debug] [ThreadPool]: Using snowflake connection "list_dbt_db"
[0m18:55:42.373518 [debug] [ThreadPool]: On list_dbt_db: show terse schemas in database dbt_db
    limit 10000
/* {"app": "dbt", "dbt_version": "1.12.0", "profile_name": "dbt_elt_tpch", "target_name": "dev", "connection_name": "list_dbt_db"} */
[0m18:55:42.374247 [debug] [ThreadPool]: Opening a new connection, currently in state init
[0m18:55:43.792829 [debug] [ThreadPool]: SQL status: SUCCESS 3 in 1.418 seconds
[0m18:55:43.803824 [debug] [ThreadPool]: Acquiring new snowflake connection 'list_dbt_db_dbt_schema'
[0m18:55:43.823829 [debug] [ThreadPool]: Using snowflake connection "list_dbt_db_dbt_schema"
[0m18:55:43.824335 [debug] [ThreadPool]: On list_dbt_db_dbt_schema: show objects in dbt_db.dbt_schema
    limit 10000
    

/* {"app": "dbt", "dbt_version": "1.12.0", "profile_name": "dbt_elt_tpch", "target_name": "dev", "connection_name": "list_dbt_db_dbt_schema"} */;
[0m18:55:43.824755 [debug] [ThreadPool]: Opening a new connection, currently in state init
[0m18:55:45.086609 [debug] [ThreadPool]: SQL status: SUCCESS 3 in 1.262 seconds
[0m18:55:45.098076 [debug] [ThreadPool]: Using snowflake connection "list_dbt_db_dbt_schema"
[0m18:55:45.098886 [debug] [ThreadPool]: On list_dbt_db_dbt_schema: show user functions in dbt_db.dbt_schema
/* {"app": "dbt", "dbt_version": "1.12.0", "profile_name": "dbt_elt_tpch", "target_name": "dev", "connection_name": "list_dbt_db_dbt_schema"} */
[0m18:55:45.214282 [debug] [ThreadPool]: SQL status: SUCCESS 0 in 0.114 seconds
[0m18:55:45.218389 [debug] [MainThread]: Sending event: {'category': 'dbt', 'action': 'runnable_timing', 'label': '579ad73c-750c-4bae-86bb-c73e3e053b66', 'context': [<snowplow_tracker.self_describing_json.SelfDescribingJson object at 0x00000266C8941E50>]}
[0m18:55:45.226846 [debug] [Thread-3 (]: Began running node model.dbt_elt_tpch.stg__tpch_orders
[0m18:55:45.228011 [debug] [Thread-2 (]: Began running node model.dbt_elt_tpch.stg__tpch_line_items
[0m18:55:45.227586 [info ] [Thread-3 (]: 2 of 5 START sql view model dbt_schema.stg__tpch_orders ........................ [RUN]
[0m18:55:45.229272 [debug] [Thread-3 (]: Acquiring new snowflake connection 'model.dbt_elt_tpch.stg__tpch_orders'
[0m18:55:45.229714 [debug] [Thread-3 (]: Began compiling node model.dbt_elt_tpch.stg__tpch_orders
[0m18:55:45.236538 [debug] [Thread-3 (]: Writing injected SQL for node "model.dbt_elt_tpch.stg__tpch_orders"
[0m18:55:45.228587 [info ] [Thread-2 (]: 1 of 5 START sql view model dbt_schema.stg__tpch_line_items .................... [RUN]
[0m18:55:45.237614 [debug] [Thread-2 (]: Acquiring new snowflake connection 'model.dbt_elt_tpch.stg__tpch_line_items'
[0m18:55:45.238538 [debug] [Thread-2 (]: Began compiling node model.dbt_elt_tpch.stg__tpch_line_items
[0m18:55:45.256532 [debug] [Thread-2 (]: Writing injected SQL for node "model.dbt_elt_tpch.stg__tpch_line_items"
[0m18:55:45.257753 [debug] [Thread-3 (]: Began executing node model.dbt_elt_tpch.stg__tpch_orders
[0m18:55:45.302156 [debug] [Thread-3 (]: Writing runtime sql for node "model.dbt_elt_tpch.stg__tpch_orders"
[0m18:55:45.303371 [debug] [Thread-2 (]: Began executing node model.dbt_elt_tpch.stg__tpch_line_items
[0m18:55:45.306102 [debug] [Thread-2 (]: Writing runtime sql for node "model.dbt_elt_tpch.stg__tpch_line_items"
[0m18:55:45.307477 [debug] [Thread-3 (]: Using snowflake connection "model.dbt_elt_tpch.stg__tpch_orders"
[0m18:55:45.308040 [debug] [Thread-3 (]: On model.dbt_elt_tpch.stg__tpch_orders: create or replace   view dbt_db.dbt_schema.stg__tpch_orders
  
  
  
  
  as (
    select
    o_orderkey as order_key,
    o_custkey as customer_key,
    o_orderstatus as status_code,
    o_totalprice as total_price,
    o_orderdate as order_date
from
    snowflake_sample_data.tpch_sf1.orders
  )
/* {"app": "dbt", "dbt_version": "1.12.0", "profile_name": "dbt_elt_tpch", "target_name": "dev", "node_id": "model.dbt_elt_tpch.stg__tpch_orders"} */;
[0m18:55:45.308501 [debug] [Thread-3 (]: Opening a new connection, currently in state init
[0m18:55:45.311394 [debug] [Thread-2 (]: Using snowflake connection "model.dbt_elt_tpch.stg__tpch_line_items"
[0m18:55:45.312134 [debug] [Thread-2 (]: On model.dbt_elt_tpch.stg__tpch_line_items: create or replace   view dbt_db.dbt_schema.stg__tpch_line_items
  
  
  
  
  as (
    select
    md5(cast(coalesce(cast(l_orderkey as TEXT), '_dbt_utils_surrogate_key_null_') || '-' || coalesce(cast(l_linenumber as TEXT), '_dbt_utils_surrogate_key_null_') as TEXT)) as order_item_key,
	l_orderkey as order_key,
	l_partkey as part_key,
	l_linenumber as line_number,
	l_quantity as quantity,
	l_extendedprice as extended_price,
	l_discount as discount_percentage,
	l_tax as tax_rate
from
    snowflake_sample_data.tpch_sf1.lineitem
  )
/* {"app": "dbt", "dbt_version": "1.12.0", "profile_name": "dbt_elt_tpch", "target_name": "dev", "node_id": "model.dbt_elt_tpch.stg__tpch_line_items"} */;
[0m18:55:45.312654 [debug] [Thread-2 (]: Opening a new connection, currently in state init
[0m18:55:45.933279 [debug] [Thread-3 (]: SQL status: SUCCESS 1 in 0.625 seconds
[0m18:55:45.969224 [debug] [Thread-2 (]: SQL status: SUCCESS 1 in 0.656 seconds
[0m18:55:45.979900 [debug] [Thread-3 (]: Sending event: {'category': 'dbt', 'action': 'run_model', 'label': '579ad73c-750c-4bae-86bb-c73e3e053b66', 'context': [<snowplow_tracker.self_describing_json.SelfDescribingJson object at 0x00000266C8F2DD30>]}
[0m18:55:45.981153 [debug] [Thread-2 (]: Sending event: {'category': 'dbt', 'action': 'run_model', 'label': '579ad73c-750c-4bae-86bb-c73e3e053b66', 'context': [<snowplow_tracker.self_describing_json.SelfDescribingJson object at 0x00000266C8D3EDF0>]}
[0m18:55:45.980718 [info ] [Thread-3 (]: 2 of 5 OK created sql view model dbt_schema.stg__tpch_orders ................... [[32mSUCCESS 1[0m in 0.75s]
[0m18:55:45.982652 [debug] [Thread-3 (]: Finished running node model.dbt_elt_tpch.stg__tpch_orders
[0m18:55:45.981889 [info ] [Thread-2 (]: 1 of 5 OK created sql view model dbt_schema.stg__tpch_line_items ............... [[32mSUCCESS 1[0m in 0.74s]
[0m18:55:45.983693 [debug] [Thread-2 (]: Finished running node model.dbt_elt_tpch.stg__tpch_line_items
[0m18:55:45.984400 [debug] [Thread-4 (]: Began running node model.dbt_elt_tpch.int_order_items
[0m18:55:45.984969 [info ] [Thread-4 (]: 3 of 5 START sql table model dbt_schema.int_order_items ........................ [RUN]
[0m18:55:45.986078 [debug] [Thread-4 (]: Acquiring new snowflake connection 'model.dbt_elt_tpch.int_order_items'
[0m18:55:45.986955 [debug] [Thread-4 (]: Began compiling node model.dbt_elt_tpch.int_order_items
[0m18:55:45.990639 [debug] [Thread-4 (]: Writing injected SQL for node "model.dbt_elt_tpch.int_order_items"
[0m18:55:45.991939 [debug] [Thread-4 (]: Began executing node model.dbt_elt_tpch.int_order_items
[0m18:55:46.031817 [debug] [Thread-4 (]: Writing runtime sql for node "model.dbt_elt_tpch.int_order_items"
[0m18:55:46.033633 [debug] [Thread-4 (]: Using snowflake connection "model.dbt_elt_tpch.int_order_items"
[0m18:55:46.034211 [debug] [Thread-4 (]: On model.dbt_elt_tpch.int_order_items: create or replace transient table dbt_db.dbt_schema.int_order_items
    
    
    
    
    

    as (select
    li.order_item_key,
    li.part_key,
    li.line_number,
    li.extended_price,
    o.order_key,
    o.customer_key,
    o.order_date,
    
    (-1 * li.extended_price * li.discount_percentage)::decimal(16, 2)
 AS discounted_amount
from
    dbt_db.dbt_schema.stg__tpch_orders o
join
    dbt_db.dbt_schema.stg__tpch_line_items li
        on o.order_key = li.order_key
order by
    o.order_date
    )

/* {"app": "dbt", "dbt_version": "1.12.0", "profile_name": "dbt_elt_tpch", "target_name": "dev", "node_id": "model.dbt_elt_tpch.int_order_items"} */;
[0m18:55:46.034676 [debug] [Thread-4 (]: Opening a new connection, currently in state init
[0m18:55:50.530266 [debug] [Thread-4 (]: SQL status: SUCCESS 6001215 in 4.495 seconds
[0m18:55:50.534197 [debug] [Thread-4 (]: Sending event: {'category': 'dbt', 'action': 'run_model', 'label': '579ad73c-750c-4bae-86bb-c73e3e053b66', 'context': [<snowplow_tracker.self_describing_json.SelfDescribingJson object at 0x00000266C89F0FD0>]}
[0m18:55:50.534972 [info ] [Thread-4 (]: 3 of 5 OK created sql table model dbt_schema.int_order_items ................... [[32mSUCCESS 6001215[0m in 4.55s]
[0m18:55:50.535882 [debug] [Thread-4 (]: Finished running node model.dbt_elt_tpch.int_order_items
[0m18:55:50.536733 [debug] [Thread-5 (]: Began running node model.dbt_elt_tpch.int_order_items_summary
[0m18:55:50.537353 [info ] [Thread-5 (]: 4 of 5 START sql table model dbt_schema.int_order_items_summary ................ [RUN]
[0m18:55:50.538256 [debug] [Thread-5 (]: Acquiring new snowflake connection 'model.dbt_elt_tpch.int_order_items_summary'
[0m18:55:50.538709 [debug] [Thread-5 (]: Began compiling node model.dbt_elt_tpch.int_order_items_summary
[0m18:55:50.540777 [debug] [Thread-5 (]: Writing injected SQL for node "model.dbt_elt_tpch.int_order_items_summary"
[0m18:55:50.550934 [debug] [Thread-5 (]: Began executing node model.dbt_elt_tpch.int_order_items_summary
[0m18:55:50.553836 [debug] [Thread-5 (]: Writing runtime sql for node "model.dbt_elt_tpch.int_order_items_summary"
[0m18:55:50.555835 [debug] [Thread-5 (]: Using snowflake connection "model.dbt_elt_tpch.int_order_items_summary"
[0m18:55:50.556368 [debug] [Thread-5 (]: On model.dbt_elt_tpch.int_order_items_summary: create or replace transient table dbt_db.dbt_schema.int_order_items_summary
    
    
    
    
    

    as (-- aggregated info
select 
    order_key,
    sum(extended_price) as gross_item_sales_amount,
    sum(item_discount_amount) as item_discount_amount
from
    dbt_db.dbt_schema.int_order_items
group by
    order_key
    )

/* {"app": "dbt", "dbt_version": "1.12.0", "profile_name": "dbt_elt_tpch", "target_name": "dev", "node_id": "model.dbt_elt_tpch.int_order_items_summary"} */;
[0m18:55:50.556839 [debug] [Thread-5 (]: Opening a new connection, currently in state init
[0m18:55:51.058303 [debug] [Thread-5 (]: Snowflake adapter: Snowflake query id: 01c6fb73-0002-14a0-0000-0002c3166785
[0m18:55:51.059495 [debug] [Thread-5 (]: Snowflake adapter: Snowflake error: 000904 (42000): SQL compilation error: error line 12 at position 8
invalid identifier 'ITEM_DISCOUNT_AMOUNT'
[0m18:55:51.068717 [debug] [Thread-5 (]: Database Error in model int_order_items_summary (models\marts\int_order_items_summary.sql)
  000904 (42000): SQL compilation error: error line 12 at position 8
  invalid identifier 'ITEM_DISCOUNT_AMOUNT'
  compiled code at target\run\dbt_elt_tpch\models\marts\int_order_items_summary.sql
[0m18:55:51.069364 [debug] [Thread-5 (]: Sending event: {'category': 'dbt', 'action': 'run_model', 'label': '579ad73c-750c-4bae-86bb-c73e3e053b66', 'context': [<snowplow_tracker.self_describing_json.SelfDescribingJson object at 0x00000266C9026CF0>]}
[0m18:55:51.070288 [error] [Thread-5 (]: 4 of 5 ERROR creating sql table model dbt_schema.int_order_items_summary ....... [[31mERROR[0m in 0.53s]
[0m18:55:51.071377 [debug] [Thread-5 (]: Finished running node model.dbt_elt_tpch.int_order_items_summary
[0m18:55:51.072140 [debug] [Thread-14 ]: Marking all children of 'model.dbt_elt_tpch.int_order_items_summary' to be skipped because of status 'error'.  Reason: Database Error in model int_order_items_summary (models\marts\int_order_items_summary.sql)
  000904 (42000): SQL compilation error: error line 12 at position 8
  invalid identifier 'ITEM_DISCOUNT_AMOUNT'
  compiled code at target\run\dbt_elt_tpch\models\marts\int_order_items_summary.sql.
[0m18:55:51.075636 [debug] [Thread-6 (]: Began running node model.dbt_elt_tpch.fct__orders
[0m18:55:51.076482 [info ] [Thread-6 (]: 5 of 5 SKIP relation dbt_schema.fct__orders .................................... [[33mSKIP[0m]
[0m18:55:51.078033 [debug] [Thread-6 (]: Finished running node model.dbt_elt_tpch.fct__orders
[0m18:55:51.083821 [debug] [MainThread]: Connection 'master' was properly closed.
[0m18:55:51.084417 [debug] [MainThread]: Connection 'list_dbt_db' was left open.
[0m18:55:51.085195 [debug] [MainThread]: On list_dbt_db: Close
[0m18:55:51.262877 [debug] [MainThread]: Connection 'list_dbt_db_dbt_schema' was left open.
[0m18:55:51.263485 [debug] [MainThread]: On list_dbt_db_dbt_schema: Close
[0m18:55:51.420012 [debug] [MainThread]: Connection 'model.dbt_elt_tpch.stg__tpch_orders' was left open.
[0m18:55:51.420948 [debug] [MainThread]: On model.dbt_elt_tpch.stg__tpch_orders: Close
[0m18:55:51.601922 [debug] [MainThread]: Connection 'model.dbt_elt_tpch.stg__tpch_line_items' was left open.
[0m18:55:51.602726 [debug] [MainThread]: On model.dbt_elt_tpch.stg__tpch_line_items: Close
[0m18:55:51.764423 [debug] [MainThread]: Connection 'model.dbt_elt_tpch.int_order_items' was left open.
[0m18:55:51.765422 [debug] [MainThread]: On model.dbt_elt_tpch.int_order_items: Close
[0m18:55:51.940218 [debug] [MainThread]: Connection 'model.dbt_elt_tpch.int_order_items_summary' was left open.
[0m18:55:51.940834 [debug] [MainThread]: On model.dbt_elt_tpch.int_order_items_summary: Close
[0m18:55:52.100894 [info ] [MainThread]: 
[0m18:55:52.103151 [info ] [MainThread]: Finished running 3 table models, 2 view models in 0 hours 0 minutes and 9.76 seconds (9.76s).
[0m18:55:52.107612 [debug] [MainThread]: Command end result
[0m18:55:52.189382 [debug] [MainThread]: Wrote artifact WritableManifest to C:\Users\pc\dbt_elt_tpch\target\manifest.json
[0m18:55:52.193770 [debug] [MainThread]: Wrote artifact SemanticManifest to C:\Users\pc\dbt_elt_tpch\target\semantic_manifest.json
[0m18:55:52.197995 [debug] [MainThread]: Wrote artifact OsiDocument to C:\Users\pc\dbt_elt_tpch\target\osi_document.json
[0m18:55:52.206669 [debug] [MainThread]: Wrote artifact RunExecutionResult to C:\Users\pc\dbt_elt_tpch\target\run_results.json
[0m18:55:52.207142 [info ] [MainThread]: 
[0m18:55:52.207839 [info ] [MainThread]: [31mCompleted with 1 error, 0 partial successes, and 0 warnings:[0m
[0m18:55:52.208456 [info ] [MainThread]: 
[0m18:55:52.209151 [error] [MainThread]: [[31mERROR[0m]: in model int_order_items_summary (models\marts\int_order_items_summary.sql)
[0m18:55:52.209877 [error] [MainThread]:   Database Error in model int_order_items_summary (models\marts\int_order_items_summary.sql)
  000904 (42000): SQL compilation error: error line 12 at position 8
  invalid identifier 'ITEM_DISCOUNT_AMOUNT'
  compiled code at target\run\dbt_elt_tpch\models\marts\int_order_items_summary.sql
[0m18:55:52.210355 [info ] [MainThread]: 
[0m18:55:52.210860 [info ] [MainThread]:   compiled code at target\compiled\dbt_elt_tpch\models\marts\int_order_items_summary.sql
[0m18:55:52.211313 [info ] [MainThread]: 
[0m18:55:52.211780 [info ] [MainThread]: Done. PASS=3 WARN=0 ERROR=1 SKIP=1 NO-OP=0 REUSED=0 TOTAL=5
[0m18:55:52.212441 [warn ] [MainThread]: [[33mWARNING[0m][DeprecationsSummary]: Deprecated functionality
Summary of encountered deprecations:
- MissingPlusPrefixDeprecation: 4 occurrences
To see all deprecation instances instead of just the first occurrence of each,
run command again with the `--show-all-deprecations` flag. You may also need to
run with `--no-partial-parse` as some deprecations are only encountered during
parsing.
[0m18:55:52.214396 [debug] [MainThread]: Command `dbt run` failed at 18:55:52.214125 after 12.50 seconds
[0m18:55:52.215044 [debug] [MainThread]: Sending event: {'category': 'dbt', 'action': 'invocation', 'label': 'end', 'context': [<snowplow_tracker.self_describing_json.SelfDescribingJson object at 0x00000266B38619D0>, <snowplow_tracker.self_describing_json.SelfDescribingJson object at 0x00000266C9018170>, <snowplow_tracker.self_describing_json.SelfDescribingJson object at 0x00000266C8F7AD50>]}
[0m18:55:52.215623 [debug] [MainThread]: Flushing usage events
[0m18:55:53.674173 [debug] [MainThread]: An error was encountered while trying to flush usage events
[0m18:56:28.752883 [debug] [MainThread]: Sending event: {'category': 'dbt', 'action': 'invocation', 'label': 'start', 'context': [<snowplow_tracker.self_describing_json.SelfDescribingJson object at 0x0000029AB6EB9550>, <snowplow_tracker.self_describing_json.SelfDescribingJson object at 0x0000029AB49856D0>, <snowplow_tracker.self_describing_json.SelfDescribingJson object at 0x0000029AB9883890>]}


============================== 18:56:28.764225 | 93a8f97c-358f-40ff-a9b0-038dee50a30a ==============================
[0m18:56:28.764225 [info ] [MainThread]: Running with dbt=1.12.0
[0m18:56:28.765836 [debug] [MainThread]: running dbt with arguments {'maximum_seed_size_mib': '1', 'no_print': 'None', 'static_parser': 'True', 'warn_error_options': 'WarnErrorOptionsV2(error=[], warn=[], silence=[])', 'version_check': 'True', 'target_path': 'None', 'printer_width': '80', 'write_json': 'True', 'introspect': 'True', 'log_cache_events': 'False', 'empty': 'False', 'cache_selected_only': 'False', 'log_format': 'default', 'debug': 'False', 'fail_fast': 'False', 'profiles_dir': 'C:\\Users\\pc\\.dbt', 'send_anonymous_usage_stats': 'True', 'quiet': 'False', 'warn_error': 'None', 'partial_parse': 'True', 'invocation_command': 'dbt run -s fct__orders', 'hints_enabled': 'True', 'use_colors': 'True', 'use_experimental_parser': 'False', 'indirect_selection': 'eager', 'log_path': 'C:\\Users\\pc\\dbt_elt_tpch\\logs'}
[0m18:56:29.551067 [debug] [MainThread]: Snowflake adapter: Setting snowflake.connector to ERROR (file logging only)
[0m18:56:29.551643 [debug] [MainThread]: Snowflake adapter: Setting botocore to ERROR (file logging only)
[0m18:56:29.552051 [debug] [MainThread]: Snowflake adapter: Setting boto3 to ERROR (file logging only)
[0m18:56:29.742341 [warn ] [MainThread]: [[33mWARNING[0m][MissingPlusPrefixDeprecation]: Deprecated functionality
Missing '+' prefix on `materialized` found at `dbt_elt_tpch.marts.materialized`
in file `C:\Users\pc\dbt_elt_tpch\dbt_project.yml`. Hierarchical config values
without a '+' prefix are deprecated in dbt_project.yml.
[0m18:56:29.743146 [debug] [MainThread]: Sending event: {'category': 'dbt', 'action': 'deprecation', 'label': '93a8f97c-358f-40ff-a9b0-038dee50a30a', 'property_': 'warn', 'context': [<snowplow_tracker.self_describing_json.SelfDescribingJson object at 0x0000029ACC5AA3F0>]}
[0m18:56:29.933594 [debug] [MainThread]: Sending event: {'category': 'dbt', 'action': 'project_id', 'label': '93a8f97c-358f-40ff-a9b0-038dee50a30a', 'context': [<snowplow_tracker.self_describing_json.SelfDescribingJson object at 0x0000029ACCA63790>]}
[0m18:56:30.011779 [debug] [MainThread]: Sending event: {'category': 'dbt', 'action': 'adapter_info', 'label': '93a8f97c-358f-40ff-a9b0-038dee50a30a', 'context': [<snowplow_tracker.self_describing_json.SelfDescribingJson object at 0x0000029ACC7F8E50>]}
[0m18:56:30.013707 [info ] [MainThread]: Registered adapter: snowflake=1.12.0
[0m18:56:30.553361 [debug] [MainThread]: checksum: 3f97c68dea7470a2a1e4216ff223f1f4cf8a522e47e57870a6fc8d9ecd080023, vars: {}, profile: dbt_elt_tpch, target: dev, version: 1.12.0
[0m18:56:30.770680 [debug] [MainThread]: Partial parsing enabled: 0 files deleted, 0 files added, 1 files changed.
[0m18:56:30.771477 [debug] [MainThread]: Partial parsing: updated file: dbt_elt_tpch://models\marts\int_order_items.sql
[0m18:56:31.123775 [debug] [MainThread]: Sending event: {'category': 'dbt', 'action': 'load_project', 'label': '93a8f97c-358f-40ff-a9b0-038dee50a30a', 'context': [<snowplow_tracker.self_describing_json.SelfDescribingJson object at 0x0000029ACD18C5F0>]}
[0m18:56:31.268706 [debug] [MainThread]: Wrote artifact WritableManifest to C:\Users\pc\dbt_elt_tpch\target\manifest.json
[0m18:56:31.272674 [debug] [MainThread]: Wrote artifact SemanticManifest to C:\Users\pc\dbt_elt_tpch\target\semantic_manifest.json
[0m18:56:31.308016 [debug] [MainThread]: Wrote artifact OsiDocument to C:\Users\pc\dbt_elt_tpch\target\osi_document.json
[0m18:56:31.324912 [debug] [MainThread]: Sending event: {'category': 'dbt', 'action': 'resource_counts', 'label': '93a8f97c-358f-40ff-a9b0-038dee50a30a', 'context': [<snowplow_tracker.self_describing_json.SelfDescribingJson object at 0x0000029ACD325C50>]}
[0m18:56:31.325943 [info ] [MainThread]: Found 5 models, 3 data tests, 2 sources, 660 macros
[0m18:56:31.326762 [debug] [MainThread]: Sending event: {'category': 'dbt', 'action': 'runnable_timing', 'label': '93a8f97c-358f-40ff-a9b0-038dee50a30a', 'context': [<snowplow_tracker.self_describing_json.SelfDescribingJson object at 0x0000029ACD3DBE10>]}
[0m18:56:31.328859 [info ] [MainThread]: 
[0m18:56:31.329479 [info ] [MainThread]: Concurrency: 10 threads (target='dev')
[0m18:56:31.330048 [info ] [MainThread]: 
[0m18:56:31.330768 [debug] [MainThread]: Acquiring new snowflake connection 'master'
[0m18:56:31.331954 [debug] [ThreadPool]: Acquiring new snowflake connection 'list_dbt_db'
[0m18:56:31.347575 [debug] [ThreadPool]: Using snowflake connection "list_dbt_db"
[0m18:56:31.348030 [debug] [ThreadPool]: On list_dbt_db: show terse schemas in database dbt_db
    limit 10000
/* {"app": "dbt", "dbt_version": "1.12.0", "profile_name": "dbt_elt_tpch", "target_name": "dev", "connection_name": "list_dbt_db"} */
[0m18:56:31.348386 [debug] [ThreadPool]: Opening a new connection, currently in state init
[0m18:56:32.833363 [debug] [ThreadPool]: SQL status: SUCCESS 3 in 1.485 seconds
[0m18:56:32.849726 [debug] [ThreadPool]: Acquiring new snowflake connection 'list_dbt_db_dbt_schema'
[0m18:56:32.862343 [debug] [ThreadPool]: Using snowflake connection "list_dbt_db_dbt_schema"
[0m18:56:32.862916 [debug] [ThreadPool]: On list_dbt_db_dbt_schema: show objects in dbt_db.dbt_schema
    limit 10000
    

/* {"app": "dbt", "dbt_version": "1.12.0", "profile_name": "dbt_elt_tpch", "target_name": "dev", "connection_name": "list_dbt_db_dbt_schema"} */;
[0m18:56:32.863299 [debug] [ThreadPool]: Opening a new connection, currently in state init
[0m18:56:33.996346 [debug] [ThreadPool]: SQL status: SUCCESS 3 in 1.133 seconds
[0m18:56:34.016836 [debug] [ThreadPool]: Using snowflake connection "list_dbt_db_dbt_schema"
[0m18:56:34.017664 [debug] [ThreadPool]: On list_dbt_db_dbt_schema: show user functions in dbt_db.dbt_schema
/* {"app": "dbt", "dbt_version": "1.12.0", "profile_name": "dbt_elt_tpch", "target_name": "dev", "connection_name": "list_dbt_db_dbt_schema"} */
[0m18:56:34.144104 [debug] [ThreadPool]: SQL status: SUCCESS 0 in 0.125 seconds
[0m18:56:34.154256 [debug] [MainThread]: Sending event: {'category': 'dbt', 'action': 'runnable_timing', 'label': '93a8f97c-358f-40ff-a9b0-038dee50a30a', 'context': [<snowplow_tracker.self_describing_json.SelfDescribingJson object at 0x0000029ACD3F7F50>]}
[0m18:56:34.175725 [debug] [Thread-2 (]: Began running node model.dbt_elt_tpch.fct__orders
[0m18:56:34.176877 [info ] [Thread-2 (]: 1 of 1 START sql table model dbt_schema.fct__orders ............................ [RUN]
[0m18:56:34.178232 [debug] [Thread-2 (]: Acquiring new snowflake connection 'model.dbt_elt_tpch.fct__orders'
[0m18:56:34.178986 [debug] [Thread-2 (]: Began compiling node model.dbt_elt_tpch.fct__orders
[0m18:56:34.186356 [debug] [Thread-2 (]: Writing injected SQL for node "model.dbt_elt_tpch.fct__orders"
[0m18:56:34.187577 [debug] [Thread-2 (]: Began executing node model.dbt_elt_tpch.fct__orders
[0m18:56:34.228877 [debug] [Thread-2 (]: Writing runtime sql for node "model.dbt_elt_tpch.fct__orders"
[0m18:56:34.230879 [debug] [Thread-2 (]: Using snowflake connection "model.dbt_elt_tpch.fct__orders"
[0m18:56:34.231426 [debug] [Thread-2 (]: On model.dbt_elt_tpch.fct__orders: create or replace transient table dbt_db.dbt_schema.fct__orders
    
    
    
    
    

    as (select
    orders.*,
    order_item_summary.gross_item_sales_amount,
    order_item_summary.item_discount_amount
from
    dbt_db.dbt_schema.stg__tpch_orders AS orders
join
    dbt_db.dbt_schema.int_order_items_summary as order_item_summary
        on orders.order_key = order_item_summary.order_key
order by order_date
    )

/* {"app": "dbt", "dbt_version": "1.12.0", "profile_name": "dbt_elt_tpch", "target_name": "dev", "node_id": "model.dbt_elt_tpch.fct__orders"} */;
[0m18:56:34.231916 [debug] [Thread-2 (]: Opening a new connection, currently in state init
[0m18:56:34.779854 [debug] [Thread-2 (]: Snowflake adapter: Snowflake query id: 01c6fb74-0002-158b-0000-0002c316583d
[0m18:56:34.780891 [debug] [Thread-2 (]: Snowflake adapter: Snowflake error: 002003 (42S02): SQL compilation error:
Object 'DBT_DB.DBT_SCHEMA.INT_ORDER_ITEMS_SUMMARY' does not exist or not authorized.
[0m18:56:34.792220 [debug] [Thread-2 (]: Database Error in model fct__orders (models\marts\fct__orders.sql)
  002003 (42S02): SQL compilation error:
  Object 'DBT_DB.DBT_SCHEMA.INT_ORDER_ITEMS_SUMMARY' does not exist or not authorized.
  compiled code at target\run\dbt_elt_tpch\models\marts\fct__orders.sql
[0m18:56:34.795560 [debug] [Thread-2 (]: Sending event: {'category': 'dbt', 'action': 'run_model', 'label': '93a8f97c-358f-40ff-a9b0-038dee50a30a', 'context': [<snowplow_tracker.self_describing_json.SelfDescribingJson object at 0x0000029AB7565FF0>]}
[0m18:56:34.796541 [error] [Thread-2 (]: 1 of 1 ERROR creating sql table model dbt_schema.fct__orders ................... [[31mERROR[0m in 0.62s]
[0m18:56:34.797658 [debug] [Thread-2 (]: Finished running node model.dbt_elt_tpch.fct__orders
[0m18:56:34.798452 [debug] [Thread-14 ]: Marking all children of 'model.dbt_elt_tpch.fct__orders' to be skipped because of status 'error'.  Reason: Database Error in model fct__orders (models\marts\fct__orders.sql)
  002003 (42S02): SQL compilation error:
  Object 'DBT_DB.DBT_SCHEMA.INT_ORDER_ITEMS_SUMMARY' does not exist or not authorized.
  compiled code at target\run\dbt_elt_tpch\models\marts\fct__orders.sql.
[0m18:56:34.801350 [debug] [MainThread]: Connection 'master' was properly closed.
[0m18:56:34.801778 [debug] [MainThread]: Connection 'list_dbt_db' was left open.
[0m18:56:34.802169 [debug] [MainThread]: On list_dbt_db: Close
[0m18:56:34.985309 [debug] [MainThread]: Connection 'list_dbt_db_dbt_schema' was left open.
[0m18:56:34.985926 [debug] [MainThread]: On list_dbt_db_dbt_schema: Close
[0m18:56:35.154064 [debug] [MainThread]: Connection 'model.dbt_elt_tpch.fct__orders' was left open.
[0m18:56:35.155940 [debug] [MainThread]: On model.dbt_elt_tpch.fct__orders: Close
[0m18:56:35.349747 [info ] [MainThread]: 
[0m18:56:35.350924 [info ] [MainThread]: Finished running 1 table model in 0 hours 0 minutes and 4.02 seconds (4.02s).
[0m18:56:35.351901 [debug] [MainThread]: Command end result
[0m18:56:35.404018 [debug] [MainThread]: Wrote artifact WritableManifest to C:\Users\pc\dbt_elt_tpch\target\manifest.json
[0m18:56:35.407918 [debug] [MainThread]: Wrote artifact SemanticManifest to C:\Users\pc\dbt_elt_tpch\target\semantic_manifest.json
[0m18:56:35.412016 [debug] [MainThread]: Wrote artifact OsiDocument to C:\Users\pc\dbt_elt_tpch\target\osi_document.json
[0m18:56:35.420097 [debug] [MainThread]: Wrote artifact RunExecutionResult to C:\Users\pc\dbt_elt_tpch\target\run_results.json
[0m18:56:35.420531 [info ] [MainThread]: 
[0m18:56:35.421106 [info ] [MainThread]: [31mCompleted with 1 error, 0 partial successes, and 0 warnings:[0m
[0m18:56:35.421642 [info ] [MainThread]: 
[0m18:56:35.422230 [error] [MainThread]: [[31mERROR[0m]: in model fct__orders (models\marts\fct__orders.sql)
[0m18:56:35.422766 [error] [MainThread]:   Database Error in model fct__orders (models\marts\fct__orders.sql)
  002003 (42S02): SQL compilation error:
  Object 'DBT_DB.DBT_SCHEMA.INT_ORDER_ITEMS_SUMMARY' does not exist or not authorized.
  compiled code at target\run\dbt_elt_tpch\models\marts\fct__orders.sql
[0m18:56:35.423213 [info ] [MainThread]: 
[0m18:56:35.423746 [info ] [MainThread]:   compiled code at target\compiled\dbt_elt_tpch\models\marts\fct__orders.sql
[0m18:56:35.424310 [info ] [MainThread]: 
[0m18:56:35.424923 [info ] [MainThread]: Done. PASS=0 WARN=0 ERROR=1 SKIP=0 NO-OP=0 REUSED=0 TOTAL=1
[0m18:56:35.425647 [warn ] [MainThread]: [[33mWARNING[0m][DeprecationsSummary]: Deprecated functionality
Summary of encountered deprecations:
- MissingPlusPrefixDeprecation: 4 occurrences
To see all deprecation instances instead of just the first occurrence of each,
run command again with the `--show-all-deprecations` flag. You may also need to
run with `--no-partial-parse` as some deprecations are only encountered during
parsing.
[0m18:56:35.427536 [debug] [MainThread]: Command `dbt run` failed at 18:56:35.427224 after 6.84 seconds
[0m18:56:35.428434 [debug] [MainThread]: Sending event: {'category': 'dbt', 'action': 'invocation', 'label': 'end', 'context': [<snowplow_tracker.self_describing_json.SelfDescribingJson object at 0x0000029ACCDC9B30>, <snowplow_tracker.self_describing_json.SelfDescribingJson object at 0x0000029ACD6103B0>, <snowplow_tracker.self_describing_json.SelfDescribingJson object at 0x0000029AB51C71D0>]}
[0m18:56:35.429221 [debug] [MainThread]: Flushing usage events
[0m18:56:36.670542 [debug] [MainThread]: An error was encountered while trying to flush usage events
[0m18:56:43.284473 [debug] [MainThread]: Sending event: {'category': 'dbt', 'action': 'invocation', 'label': 'start', 'context': [<snowplow_tracker.self_describing_json.SelfDescribingJson object at 0x000002BAFDECD550>, <snowplow_tracker.self_describing_json.SelfDescribingJson object at 0x000002BAFB9956D0>, <snowplow_tracker.self_describing_json.SelfDescribingJson object at 0x000002BAFF8D3890>]}


============================== 18:56:43.295864 | be8fe593-15f4-4b40-9421-8e453a2d4979 ==============================
[0m18:56:43.295864 [info ] [MainThread]: Running with dbt=1.12.0
[0m18:56:43.296689 [debug] [MainThread]: running dbt with arguments {'version_check': 'True', 'no_print': 'None', 'maximum_seed_size_mib': '1', 'warn_error_options': 'WarnErrorOptionsV2(error=[], warn=[], silence=[])', 'target_path': 'None', 'static_parser': 'True', 'printer_width': '80', 'write_json': 'True', 'empty': 'False', 'log_cache_events': 'False', 'introspect': 'True', 'cache_selected_only': 'False', 'log_format': 'default', 'debug': 'False', 'fail_fast': 'False', 'partial_parse': 'True', 'send_anonymous_usage_stats': 'True', 'quiet': 'False', 'warn_error': 'None', 'profiles_dir': 'C:\\Users\\pc\\.dbt', 'indirect_selection': 'eager', 'hints_enabled': 'True', 'invocation_command': 'dbt run -s +fct__orders', 'use_experimental_parser': 'False', 'use_colors': 'True', 'log_path': 'C:\\Users\\pc\\dbt_elt_tpch\\logs'}
[0m18:56:44.140437 [debug] [MainThread]: Snowflake adapter: Setting snowflake.connector to ERROR (file logging only)
[0m18:56:44.141007 [debug] [MainThread]: Snowflake adapter: Setting botocore to ERROR (file logging only)
[0m18:56:44.141451 [debug] [MainThread]: Snowflake adapter: Setting boto3 to ERROR (file logging only)
[0m18:56:44.343441 [warn ] [MainThread]: [[33mWARNING[0m][MissingPlusPrefixDeprecation]: Deprecated functionality
Missing '+' prefix on `materialized` found at `dbt_elt_tpch.marts.materialized`
in file `C:\Users\pc\dbt_elt_tpch\dbt_project.yml`. Hierarchical config values
without a '+' prefix are deprecated in dbt_project.yml.
[0m18:56:44.344142 [debug] [MainThread]: Sending event: {'category': 'dbt', 'action': 'deprecation', 'label': 'be8fe593-15f4-4b40-9421-8e453a2d4979', 'property_': 'warn', 'context': [<snowplow_tracker.self_describing_json.SelfDescribingJson object at 0x000002BA936D23F0>]}
[0m18:56:44.557080 [debug] [MainThread]: Sending event: {'category': 'dbt', 'action': 'project_id', 'label': 'be8fe593-15f4-4b40-9421-8e453a2d4979', 'context': [<snowplow_tracker.self_describing_json.SelfDescribingJson object at 0x000002BA93B93790>]}
[0m18:56:44.636102 [debug] [MainThread]: Sending event: {'category': 'dbt', 'action': 'adapter_info', 'label': 'be8fe593-15f4-4b40-9421-8e453a2d4979', 'context': [<snowplow_tracker.self_describing_json.SelfDescribingJson object at 0x000002BA93928E50>]}
[0m18:56:44.637905 [info ] [MainThread]: Registered adapter: snowflake=1.12.0
[0m18:56:45.253727 [debug] [MainThread]: checksum: 3f97c68dea7470a2a1e4216ff223f1f4cf8a522e47e57870a6fc8d9ecd080023, vars: {}, profile: dbt_elt_tpch, target: dev, version: 1.12.0
[0m18:56:45.535265 [debug] [MainThread]: Partial parsing enabled: 0 files deleted, 0 files added, 0 files changed.
[0m18:56:45.535819 [debug] [MainThread]: Nothing changed, skipping partial parsing.
[0m18:56:45.536211 [debug] [MainThread]: Partial parsing enabled, no changes found, skipping parsing
[0m18:56:45.547466 [debug] [MainThread]: Sending event: {'category': 'dbt', 'action': 'load_project', 'label': 'be8fe593-15f4-4b40-9421-8e453a2d4979', 'context': [<snowplow_tracker.self_describing_json.SelfDescribingJson object at 0x000002BA93F0AC60>]}
[0m18:56:45.738131 [debug] [MainThread]: Wrote artifact WritableManifest to C:\Users\pc\dbt_elt_tpch\target\manifest.json
[0m18:56:45.742207 [debug] [MainThread]: Wrote artifact SemanticManifest to C:\Users\pc\dbt_elt_tpch\target\semantic_manifest.json
[0m18:56:45.782241 [debug] [MainThread]: Wrote artifact OsiDocument to C:\Users\pc\dbt_elt_tpch\target\osi_document.json
[0m18:56:45.799482 [debug] [MainThread]: Sending event: {'category': 'dbt', 'action': 'resource_counts', 'label': 'be8fe593-15f4-4b40-9421-8e453a2d4979', 'context': [<snowplow_tracker.self_describing_json.SelfDescribingJson object at 0x000002BA9421F3F0>]}
[0m18:56:45.800127 [info ] [MainThread]: Found 5 models, 3 data tests, 2 sources, 660 macros
[0m18:56:45.800838 [debug] [MainThread]: Sending event: {'category': 'dbt', 'action': 'runnable_timing', 'label': 'be8fe593-15f4-4b40-9421-8e453a2d4979', 'context': [<snowplow_tracker.self_describing_json.SelfDescribingJson object at 0x000002BA93F0E340>]}
[0m18:56:45.803956 [info ] [MainThread]: 
[0m18:56:45.804577 [info ] [MainThread]: Concurrency: 10 threads (target='dev')
[0m18:56:45.805046 [info ] [MainThread]: 
[0m18:56:45.806025 [debug] [MainThread]: Acquiring new snowflake connection 'master'
[0m18:56:45.812979 [debug] [ThreadPool]: Acquiring new snowflake connection 'list_dbt_db'
[0m18:56:45.837637 [debug] [ThreadPool]: Using snowflake connection "list_dbt_db"
[0m18:56:45.838174 [debug] [ThreadPool]: On list_dbt_db: show terse schemas in database dbt_db
    limit 10000
/* {"app": "dbt", "dbt_version": "1.12.0", "profile_name": "dbt_elt_tpch", "target_name": "dev", "connection_name": "list_dbt_db"} */
[0m18:56:45.838557 [debug] [ThreadPool]: Opening a new connection, currently in state init
[0m18:56:47.591505 [debug] [ThreadPool]: SQL status: SUCCESS 3 in 1.753 seconds
[0m18:56:47.595515 [debug] [ThreadPool]: Acquiring new snowflake connection 'list_dbt_db_dbt_schema'
[0m18:56:47.609522 [debug] [ThreadPool]: Using snowflake connection "list_dbt_db_dbt_schema"
[0m18:56:47.609981 [debug] [ThreadPool]: On list_dbt_db_dbt_schema: show objects in dbt_db.dbt_schema
    limit 10000
    

/* {"app": "dbt", "dbt_version": "1.12.0", "profile_name": "dbt_elt_tpch", "target_name": "dev", "connection_name": "list_dbt_db_dbt_schema"} */;
[0m18:56:47.610356 [debug] [ThreadPool]: Opening a new connection, currently in state init
[0m18:56:48.080055 [debug] [ThreadPool]: SQL status: SUCCESS 3 in 0.469 seconds
[0m18:56:48.104030 [debug] [ThreadPool]: Using snowflake connection "list_dbt_db_dbt_schema"
[0m18:56:48.105160 [debug] [ThreadPool]: On list_dbt_db_dbt_schema: show user functions in dbt_db.dbt_schema
/* {"app": "dbt", "dbt_version": "1.12.0", "profile_name": "dbt_elt_tpch", "target_name": "dev", "connection_name": "list_dbt_db_dbt_schema"} */
[0m18:56:48.247174 [debug] [ThreadPool]: SQL status: SUCCESS 0 in 0.141 seconds
[0m18:56:48.257341 [debug] [MainThread]: Sending event: {'category': 'dbt', 'action': 'runnable_timing', 'label': 'be8fe593-15f4-4b40-9421-8e453a2d4979', 'context': [<snowplow_tracker.self_describing_json.SelfDescribingJson object at 0x000002BA93EADE50>]}
[0m18:56:48.268585 [debug] [Thread-3 (]: Began running node model.dbt_elt_tpch.stg__tpch_orders
[0m18:56:48.269706 [debug] [Thread-2 (]: Began running node model.dbt_elt_tpch.stg__tpch_line_items
[0m18:56:48.269268 [info ] [Thread-3 (]: 2 of 5 START sql view model dbt_schema.stg__tpch_orders ........................ [RUN]
[0m18:56:48.270941 [debug] [Thread-3 (]: Acquiring new snowflake connection 'model.dbt_elt_tpch.stg__tpch_orders'
[0m18:56:48.271371 [debug] [Thread-3 (]: Began compiling node model.dbt_elt_tpch.stg__tpch_orders
[0m18:56:48.278241 [debug] [Thread-3 (]: Writing injected SQL for node "model.dbt_elt_tpch.stg__tpch_orders"
[0m18:56:48.270272 [info ] [Thread-2 (]: 1 of 5 START sql view model dbt_schema.stg__tpch_line_items .................... [RUN]
[0m18:56:48.279691 [debug] [Thread-2 (]: Acquiring new snowflake connection 'model.dbt_elt_tpch.stg__tpch_line_items'
[0m18:56:48.280488 [debug] [Thread-2 (]: Began compiling node model.dbt_elt_tpch.stg__tpch_line_items
[0m18:56:48.299622 [debug] [Thread-2 (]: Writing injected SQL for node "model.dbt_elt_tpch.stg__tpch_line_items"
[0m18:56:48.300851 [debug] [Thread-3 (]: Began executing node model.dbt_elt_tpch.stg__tpch_orders
[0m18:56:48.336094 [debug] [Thread-3 (]: Writing runtime sql for node "model.dbt_elt_tpch.stg__tpch_orders"
[0m18:56:48.337055 [debug] [Thread-2 (]: Began executing node model.dbt_elt_tpch.stg__tpch_line_items
[0m18:56:48.339701 [debug] [Thread-2 (]: Writing runtime sql for node "model.dbt_elt_tpch.stg__tpch_line_items"
[0m18:56:48.340917 [debug] [Thread-3 (]: Using snowflake connection "model.dbt_elt_tpch.stg__tpch_orders"
[0m18:56:48.341451 [debug] [Thread-3 (]: On model.dbt_elt_tpch.stg__tpch_orders: create or replace   view dbt_db.dbt_schema.stg__tpch_orders
  
  
  
  
  as (
    select
    o_orderkey as order_key,
    o_custkey as customer_key,
    o_orderstatus as status_code,
    o_totalprice as total_price,
    o_orderdate as order_date
from
    snowflake_sample_data.tpch_sf1.orders
  )
/* {"app": "dbt", "dbt_version": "1.12.0", "profile_name": "dbt_elt_tpch", "target_name": "dev", "node_id": "model.dbt_elt_tpch.stg__tpch_orders"} */;
[0m18:56:48.341947 [debug] [Thread-3 (]: Opening a new connection, currently in state init
[0m18:56:48.344085 [debug] [Thread-2 (]: Using snowflake connection "model.dbt_elt_tpch.stg__tpch_line_items"
[0m18:56:48.344605 [debug] [Thread-2 (]: On model.dbt_elt_tpch.stg__tpch_line_items: create or replace   view dbt_db.dbt_schema.stg__tpch_line_items
  
  
  
  
  as (
    select
    md5(cast(coalesce(cast(l_orderkey as TEXT), '_dbt_utils_surrogate_key_null_') || '-' || coalesce(cast(l_linenumber as TEXT), '_dbt_utils_surrogate_key_null_') as TEXT)) as order_item_key,
	l_orderkey as order_key,
	l_partkey as part_key,
	l_linenumber as line_number,
	l_quantity as quantity,
	l_extendedprice as extended_price,
	l_discount as discount_percentage,
	l_tax as tax_rate
from
    snowflake_sample_data.tpch_sf1.lineitem
  )
/* {"app": "dbt", "dbt_version": "1.12.0", "profile_name": "dbt_elt_tpch", "target_name": "dev", "node_id": "model.dbt_elt_tpch.stg__tpch_line_items"} */;
[0m18:56:48.345062 [debug] [Thread-2 (]: Opening a new connection, currently in state init
[0m18:56:49.573853 [debug] [Thread-3 (]: SQL status: SUCCESS 1 in 1.231 seconds
[0m18:56:49.604009 [debug] [Thread-3 (]: Sending event: {'category': 'dbt', 'action': 'run_model', 'label': 'be8fe593-15f4-4b40-9421-8e453a2d4979', 'context': [<snowplow_tracker.self_describing_json.SelfDescribingJson object at 0x000002BAFE585FF0>]}
[0m18:56:49.604833 [info ] [Thread-3 (]: 2 of 5 OK created sql view model dbt_schema.stg__tpch_orders ................... [[32mSUCCESS 1[0m in 1.33s]
[0m18:56:49.605849 [debug] [Thread-3 (]: Finished running node model.dbt_elt_tpch.stg__tpch_orders
[0m18:56:50.253371 [debug] [Thread-2 (]: SQL status: SUCCESS 1 in 1.908 seconds
[0m18:56:50.257162 [debug] [Thread-2 (]: Sending event: {'category': 'dbt', 'action': 'run_model', 'label': 'be8fe593-15f4-4b40-9421-8e453a2d4979', 'context': [<snowplow_tracker.self_describing_json.SelfDescribingJson object at 0x000002BA94440A50>]}
[0m18:56:50.257997 [info ] [Thread-2 (]: 1 of 5 OK created sql view model dbt_schema.stg__tpch_line_items ............... [[32mSUCCESS 1[0m in 1.98s]
[0m18:56:50.259041 [debug] [Thread-2 (]: Finished running node model.dbt_elt_tpch.stg__tpch_line_items
[0m18:56:50.259951 [debug] [Thread-4 (]: Began running node model.dbt_elt_tpch.int_order_items
[0m18:56:50.260611 [info ] [Thread-4 (]: 3 of 5 START sql table model dbt_schema.int_order_items ........................ [RUN]
[0m18:56:50.261490 [debug] [Thread-4 (]: Acquiring new snowflake connection 'model.dbt_elt_tpch.int_order_items'
[0m18:56:50.261991 [debug] [Thread-4 (]: Began compiling node model.dbt_elt_tpch.int_order_items
[0m18:56:50.265834 [debug] [Thread-4 (]: Writing injected SQL for node "model.dbt_elt_tpch.int_order_items"
[0m18:56:50.267387 [debug] [Thread-4 (]: Began executing node model.dbt_elt_tpch.int_order_items
[0m18:56:50.335877 [debug] [Thread-4 (]: Writing runtime sql for node "model.dbt_elt_tpch.int_order_items"
[0m18:56:50.339571 [debug] [Thread-4 (]: Using snowflake connection "model.dbt_elt_tpch.int_order_items"
[0m18:56:50.340671 [debug] [Thread-4 (]: On model.dbt_elt_tpch.int_order_items: create or replace transient table dbt_db.dbt_schema.int_order_items
    
    
    
    
    

    as (select
    li.order_item_key,
    li.part_key,
    li.line_number,
    li.extended_price,
    o.order_key,
    o.customer_key,
    o.order_date,
    
    (-1 * li.extended_price * li.discount_percentage)::decimal(16, 2)
 AS item_discount_amount
from
    dbt_db.dbt_schema.stg__tpch_orders o
join
    dbt_db.dbt_schema.stg__tpch_line_items li
        on o.order_key = li.order_key
order by
    o.order_date
    )

/* {"app": "dbt", "dbt_version": "1.12.0", "profile_name": "dbt_elt_tpch", "target_name": "dev", "node_id": "model.dbt_elt_tpch.int_order_items"} */;
[0m18:56:50.341699 [debug] [Thread-4 (]: Opening a new connection, currently in state init
[0m18:56:54.845048 [debug] [Thread-4 (]: SQL status: SUCCESS 6001215 in 4.503 seconds
[0m18:56:54.848549 [debug] [Thread-4 (]: Sending event: {'category': 'dbt', 'action': 'run_model', 'label': 'be8fe593-15f4-4b40-9421-8e453a2d4979', 'context': [<snowplow_tracker.self_describing_json.SelfDescribingJson object at 0x000002BA93F64FD0>]}
[0m18:56:54.849448 [info ] [Thread-4 (]: 3 of 5 OK created sql table model dbt_schema.int_order_items ................... [[32mSUCCESS 6001215[0m in 4.59s]
[0m18:56:54.850591 [debug] [Thread-4 (]: Finished running node model.dbt_elt_tpch.int_order_items
[0m18:56:54.851528 [debug] [Thread-5 (]: Began running node model.dbt_elt_tpch.int_order_items_summary
[0m18:56:54.852240 [info ] [Thread-5 (]: 4 of 5 START sql table model dbt_schema.int_order_items_summary ................ [RUN]
[0m18:56:54.853315 [debug] [Thread-5 (]: Acquiring new snowflake connection 'model.dbt_elt_tpch.int_order_items_summary'
[0m18:56:54.853880 [debug] [Thread-5 (]: Began compiling node model.dbt_elt_tpch.int_order_items_summary
[0m18:56:54.856340 [debug] [Thread-5 (]: Writing injected SQL for node "model.dbt_elt_tpch.int_order_items_summary"
[0m18:56:54.858074 [debug] [Thread-5 (]: Began executing node model.dbt_elt_tpch.int_order_items_summary
[0m18:56:54.861330 [debug] [Thread-5 (]: Writing runtime sql for node "model.dbt_elt_tpch.int_order_items_summary"
[0m18:56:54.864995 [debug] [Thread-5 (]: Using snowflake connection "model.dbt_elt_tpch.int_order_items_summary"
[0m18:56:54.866166 [debug] [Thread-5 (]: On model.dbt_elt_tpch.int_order_items_summary: create or replace transient table dbt_db.dbt_schema.int_order_items_summary
    
    
    
    
    

    as (-- aggregated info
select 
    order_key,
    sum(extended_price) as gross_item_sales_amount,
    sum(item_discount_amount) as item_discount_amount
from
    dbt_db.dbt_schema.int_order_items
group by
    order_key
    )

/* {"app": "dbt", "dbt_version": "1.12.0", "profile_name": "dbt_elt_tpch", "target_name": "dev", "node_id": "model.dbt_elt_tpch.int_order_items_summary"} */;
[0m18:56:54.866826 [debug] [Thread-5 (]: Opening a new connection, currently in state init
[0m18:56:56.087525 [debug] [Thread-5 (]: SQL status: SUCCESS 1500000 in 1.220 seconds
[0m18:56:56.090522 [debug] [Thread-5 (]: Sending event: {'category': 'dbt', 'action': 'run_model', 'label': 'be8fe593-15f4-4b40-9421-8e453a2d4979', 'context': [<snowplow_tracker.self_describing_json.SelfDescribingJson object at 0x000002BA943B69E0>]}
[0m18:56:56.091314 [info ] [Thread-5 (]: 4 of 5 OK created sql table model dbt_schema.int_order_items_summary ........... [[32mSUCCESS 1500000[0m in 1.24s]
[0m18:56:56.092320 [debug] [Thread-5 (]: Finished running node model.dbt_elt_tpch.int_order_items_summary
[0m18:56:56.093180 [debug] [Thread-6 (]: Began running node model.dbt_elt_tpch.fct__orders
[0m18:56:56.093820 [info ] [Thread-6 (]: 5 of 5 START sql table model dbt_schema.fct__orders ............................ [RUN]
[0m18:56:56.094765 [debug] [Thread-6 (]: Acquiring new snowflake connection 'model.dbt_elt_tpch.fct__orders'
[0m18:56:56.095268 [debug] [Thread-6 (]: Began compiling node model.dbt_elt_tpch.fct__orders
[0m18:56:56.097699 [debug] [Thread-6 (]: Writing injected SQL for node "model.dbt_elt_tpch.fct__orders"
[0m18:56:56.099169 [debug] [Thread-6 (]: Began executing node model.dbt_elt_tpch.fct__orders
[0m18:56:56.101541 [debug] [Thread-6 (]: Writing runtime sql for node "model.dbt_elt_tpch.fct__orders"
[0m18:56:56.103091 [debug] [Thread-6 (]: Using snowflake connection "model.dbt_elt_tpch.fct__orders"
[0m18:56:56.103619 [debug] [Thread-6 (]: On model.dbt_elt_tpch.fct__orders: create or replace transient table dbt_db.dbt_schema.fct__orders
    
    
    
    
    

    as (select
    orders.*,
    order_item_summary.gross_item_sales_amount,
    order_item_summary.item_discount_amount
from
    dbt_db.dbt_schema.stg__tpch_orders AS orders
join
    dbt_db.dbt_schema.int_order_items_summary as order_item_summary
        on orders.order_key = order_item_summary.order_key
order by order_date
    )

/* {"app": "dbt", "dbt_version": "1.12.0", "profile_name": "dbt_elt_tpch", "target_name": "dev", "node_id": "model.dbt_elt_tpch.fct__orders"} */;
[0m18:56:56.104069 [debug] [Thread-6 (]: Opening a new connection, currently in state init
[0m18:56:57.575327 [debug] [Thread-6 (]: SQL status: SUCCESS 1500000 in 1.471 seconds
[0m18:56:57.578932 [debug] [Thread-6 (]: Sending event: {'category': 'dbt', 'action': 'run_model', 'label': 'be8fe593-15f4-4b40-9421-8e453a2d4979', 'context': [<snowplow_tracker.self_describing_json.SelfDescribingJson object at 0x000002BA9460CB30>]}
[0m18:56:57.579712 [info ] [Thread-6 (]: 5 of 5 OK created sql table model dbt_schema.fct__orders ....................... [[32mSUCCESS 1500000[0m in 1.48s]
[0m18:56:57.580715 [debug] [Thread-6 (]: Finished running node model.dbt_elt_tpch.fct__orders
[0m18:56:57.582934 [debug] [MainThread]: Connection 'master' was properly closed.
[0m18:56:57.583373 [debug] [MainThread]: Connection 'list_dbt_db' was left open.
[0m18:56:57.583777 [debug] [MainThread]: On list_dbt_db: Close
[0m18:56:57.807234 [debug] [MainThread]: Connection 'list_dbt_db_dbt_schema' was left open.
[0m18:56:57.807828 [debug] [MainThread]: On list_dbt_db_dbt_schema: Close
[0m18:56:58.127051 [debug] [MainThread]: Connection 'model.dbt_elt_tpch.stg__tpch_orders' was left open.
[0m18:56:58.128760 [debug] [MainThread]: On model.dbt_elt_tpch.stg__tpch_orders: Close
[0m18:56:58.374092 [debug] [MainThread]: Connection 'model.dbt_elt_tpch.stg__tpch_line_items' was left open.
[0m18:56:58.374665 [debug] [MainThread]: On model.dbt_elt_tpch.stg__tpch_line_items: Close
[0m18:56:58.601254 [debug] [MainThread]: Connection 'model.dbt_elt_tpch.int_order_items' was left open.
[0m18:56:58.603263 [debug] [MainThread]: On model.dbt_elt_tpch.int_order_items: Close
[0m18:56:58.884248 [debug] [MainThread]: Connection 'model.dbt_elt_tpch.int_order_items_summary' was left open.
[0m18:56:58.886047 [debug] [MainThread]: On model.dbt_elt_tpch.int_order_items_summary: Close
[0m18:56:59.273979 [debug] [MainThread]: Connection 'model.dbt_elt_tpch.fct__orders' was left open.
[0m18:56:59.274586 [debug] [MainThread]: On model.dbt_elt_tpch.fct__orders: Close
[0m18:56:59.444174 [info ] [MainThread]: 
[0m18:56:59.446501 [info ] [MainThread]: Finished running 3 table models, 2 view models in 0 hours 0 minutes and 13.64 seconds (13.64s).
[0m18:56:59.453726 [debug] [MainThread]: Command end result
[0m18:56:59.519276 [debug] [MainThread]: Wrote artifact WritableManifest to C:\Users\pc\dbt_elt_tpch\target\manifest.json
[0m18:56:59.524110 [debug] [MainThread]: Wrote artifact SemanticManifest to C:\Users\pc\dbt_elt_tpch\target\semantic_manifest.json
[0m18:56:59.528398 [debug] [MainThread]: Wrote artifact OsiDocument to C:\Users\pc\dbt_elt_tpch\target\osi_document.json
[0m18:56:59.536740 [debug] [MainThread]: Wrote artifact RunExecutionResult to C:\Users\pc\dbt_elt_tpch\target\run_results.json
[0m18:56:59.537187 [info ] [MainThread]: 
[0m18:56:59.537766 [info ] [MainThread]: [32mCompleted successfully[0m
[0m18:56:59.538368 [info ] [MainThread]: 
[0m18:56:59.538931 [info ] [MainThread]: Done. PASS=5 WARN=0 ERROR=0 SKIP=0 NO-OP=0 REUSED=0 TOTAL=5
[0m18:56:59.539749 [warn ] [MainThread]: [[33mWARNING[0m][DeprecationsSummary]: Deprecated functionality
Summary of encountered deprecations:
- MissingPlusPrefixDeprecation: 4 occurrences
To see all deprecation instances instead of just the first occurrence of each,
run command again with the `--show-all-deprecations` flag. You may also need to
run with `--no-partial-parse` as some deprecations are only encountered during
parsing.
[0m18:56:59.541220 [debug] [MainThread]: Command `dbt run` succeeded at 18:56:59.541068 after 16.42 seconds
[0m18:56:59.541692 [debug] [MainThread]: Sending event: {'category': 'dbt', 'action': 'invocation', 'label': 'end', 'context': [<snowplow_tracker.self_describing_json.SelfDescribingJson object at 0x000002BAFF8E1850>, <snowplow_tracker.self_describing_json.SelfDescribingJson object at 0x000002BA945CF1D0>, <snowplow_tracker.self_describing_json.SelfDescribingJson object at 0x000002BA9460F6B0>]}
[0m18:56:59.542122 [debug] [MainThread]: Flushing usage events
[0m18:57:00.647936 [debug] [MainThread]: An error was encountered while trying to flush usage events
[0m18:57:12.105199 [debug] [MainThread]: Sending event: {'category': 'dbt', 'action': 'invocation', 'label': 'start', 'context': [<snowplow_tracker.self_describing_json.SelfDescribingJson object at 0x0000020F34971550>, <snowplow_tracker.self_describing_json.SelfDescribingJson object at 0x0000020F324516D0>, <snowplow_tracker.self_describing_json.SelfDescribingJson object at 0x0000020F37343890>]}


============================== 18:57:12.116342 | a249b841-588b-4aad-af8e-90c3b0b9c77d ==============================
[0m18:57:12.116342 [info ] [MainThread]: Running with dbt=1.12.0
[0m18:57:12.117093 [debug] [MainThread]: running dbt with arguments {'static_parser': 'True', 'no_print': 'None', 'maximum_seed_size_mib': '1', 'target_path': 'None', 'warn_error_options': 'WarnErrorOptionsV2(error=[], warn=[], silence=[])', 'version_check': 'True', 'printer_width': '80', 'write_json': 'True', 'empty': 'False', 'log_cache_events': 'False', 'introspect': 'True', 'cache_selected_only': 'False', 'fail_fast': 'False', 'debug': 'False', 'log_format': 'default', 'profiles_dir': 'C:\\Users\\pc\\.dbt', 'send_anonymous_usage_stats': 'True', 'quiet': 'False', 'warn_error': 'None', 'partial_parse': 'True', 'indirect_selection': 'eager', 'hints_enabled': 'True', 'use_colors': 'True', 'use_experimental_parser': 'False', 'invocation_command': 'dbt run -s fct__orders', 'log_path': 'C:\\Users\\pc\\dbt_elt_tpch\\logs'}
[0m18:57:12.970808 [debug] [MainThread]: Snowflake adapter: Setting snowflake.connector to ERROR (file logging only)
[0m18:57:12.971502 [debug] [MainThread]: Snowflake adapter: Setting botocore to ERROR (file logging only)
[0m18:57:12.971919 [debug] [MainThread]: Snowflake adapter: Setting boto3 to ERROR (file logging only)
[0m18:57:13.157964 [warn ] [MainThread]: [[33mWARNING[0m][MissingPlusPrefixDeprecation]: Deprecated functionality
Missing '+' prefix on `snowflake_warehouse` found at
`dbt_elt_tpch.staging.snowflake_warehouse` in file
`C:\Users\pc\dbt_elt_tpch\dbt_project.yml`. Hierarchical config values without a
'+' prefix are deprecated in dbt_project.yml.
[0m18:57:13.158732 [debug] [MainThread]: Sending event: {'category': 'dbt', 'action': 'deprecation', 'label': 'a249b841-588b-4aad-af8e-90c3b0b9c77d', 'property_': 'warn', 'context': [<snowplow_tracker.self_describing_json.SelfDescribingJson object at 0x0000020F49FFA3F0>]}
[0m18:57:13.348872 [debug] [MainThread]: Sending event: {'category': 'dbt', 'action': 'project_id', 'label': 'a249b841-588b-4aad-af8e-90c3b0b9c77d', 'context': [<snowplow_tracker.self_describing_json.SelfDescribingJson object at 0x0000020F4A4B3790>]}
[0m18:57:13.426722 [debug] [MainThread]: Sending event: {'category': 'dbt', 'action': 'adapter_info', 'label': 'a249b841-588b-4aad-af8e-90c3b0b9c77d', 'context': [<snowplow_tracker.self_describing_json.SelfDescribingJson object at 0x0000020F4A248E50>]}
[0m18:57:13.428687 [info ] [MainThread]: Registered adapter: snowflake=1.12.0
[0m18:57:13.967099 [debug] [MainThread]: checksum: 3f97c68dea7470a2a1e4216ff223f1f4cf8a522e47e57870a6fc8d9ecd080023, vars: {}, profile: dbt_elt_tpch, target: dev, version: 1.12.0
[0m18:57:14.182136 [debug] [MainThread]: Partial parsing enabled: 0 files deleted, 0 files added, 0 files changed.
[0m18:57:14.182608 [debug] [MainThread]: Nothing changed, skipping partial parsing.
[0m18:57:14.182936 [debug] [MainThread]: Partial parsing enabled, no changes found, skipping parsing
[0m18:57:14.193970 [debug] [MainThread]: Sending event: {'category': 'dbt', 'action': 'load_project', 'label': 'a249b841-588b-4aad-af8e-90c3b0b9c77d', 'context': [<snowplow_tracker.self_describing_json.SelfDescribingJson object at 0x0000020F4A82AC60>]}
[0m18:57:14.372914 [debug] [MainThread]: Wrote artifact WritableManifest to C:\Users\pc\dbt_elt_tpch\target\manifest.json
[0m18:57:14.376945 [debug] [MainThread]: Wrote artifact SemanticManifest to C:\Users\pc\dbt_elt_tpch\target\semantic_manifest.json
[0m18:57:14.411941 [debug] [MainThread]: Wrote artifact OsiDocument to C:\Users\pc\dbt_elt_tpch\target\osi_document.json
[0m18:57:14.426060 [debug] [MainThread]: Sending event: {'category': 'dbt', 'action': 'resource_counts', 'label': 'a249b841-588b-4aad-af8e-90c3b0b9c77d', 'context': [<snowplow_tracker.self_describing_json.SelfDescribingJson object at 0x0000020F4AB3F3F0>]}
[0m18:57:14.426726 [info ] [MainThread]: Found 5 models, 3 data tests, 2 sources, 660 macros
[0m18:57:14.427268 [debug] [MainThread]: Sending event: {'category': 'dbt', 'action': 'runnable_timing', 'label': 'a249b841-588b-4aad-af8e-90c3b0b9c77d', 'context': [<snowplow_tracker.self_describing_json.SelfDescribingJson object at 0x0000020F4A82E340>]}
[0m18:57:14.429232 [info ] [MainThread]: 
[0m18:57:14.430019 [info ] [MainThread]: Concurrency: 10 threads (target='dev')
[0m18:57:14.430523 [info ] [MainThread]: 
[0m18:57:14.431381 [debug] [MainThread]: Acquiring new snowflake connection 'master'
[0m18:57:14.432603 [debug] [ThreadPool]: Acquiring new snowflake connection 'list_dbt_db'
[0m18:57:14.450214 [debug] [ThreadPool]: Using snowflake connection "list_dbt_db"
[0m18:57:14.450660 [debug] [ThreadPool]: On list_dbt_db: show terse schemas in database dbt_db
    limit 10000
/* {"app": "dbt", "dbt_version": "1.12.0", "profile_name": "dbt_elt_tpch", "target_name": "dev", "connection_name": "list_dbt_db"} */
[0m18:57:14.451011 [debug] [ThreadPool]: Opening a new connection, currently in state init
[0m18:57:15.793007 [debug] [ThreadPool]: SQL status: SUCCESS 3 in 1.342 seconds
[0m18:57:15.814322 [debug] [ThreadPool]: Acquiring new snowflake connection 'list_dbt_db_dbt_schema'
[0m18:57:15.832399 [debug] [ThreadPool]: Using snowflake connection "list_dbt_db_dbt_schema"
[0m18:57:15.832898 [debug] [ThreadPool]: On list_dbt_db_dbt_schema: show objects in dbt_db.dbt_schema
    limit 10000
    

/* {"app": "dbt", "dbt_version": "1.12.0", "profile_name": "dbt_elt_tpch", "target_name": "dev", "connection_name": "list_dbt_db_dbt_schema"} */;
[0m18:57:15.833278 [debug] [ThreadPool]: Opening a new connection, currently in state init
[0m18:57:16.954913 [debug] [ThreadPool]: SQL status: SUCCESS 5 in 1.121 seconds
[0m18:57:16.973190 [debug] [ThreadPool]: Using snowflake connection "list_dbt_db_dbt_schema"
[0m18:57:16.974028 [debug] [ThreadPool]: On list_dbt_db_dbt_schema: show user functions in dbt_db.dbt_schema
/* {"app": "dbt", "dbt_version": "1.12.0", "profile_name": "dbt_elt_tpch", "target_name": "dev", "connection_name": "list_dbt_db_dbt_schema"} */
[0m18:57:17.101010 [debug] [ThreadPool]: SQL status: SUCCESS 0 in 0.126 seconds
[0m18:57:17.109636 [debug] [MainThread]: Sending event: {'category': 'dbt', 'action': 'runnable_timing', 'label': 'a249b841-588b-4aad-af8e-90c3b0b9c77d', 'context': [<snowplow_tracker.self_describing_json.SelfDescribingJson object at 0x0000020F4ACDF950>]}
[0m18:57:17.130981 [debug] [Thread-2 (]: Began running node model.dbt_elt_tpch.fct__orders
[0m18:57:17.132857 [info ] [Thread-2 (]: 1 of 1 START sql table model dbt_schema.fct__orders ............................ [RUN]
[0m18:57:17.135014 [debug] [Thread-2 (]: Acquiring new snowflake connection 'model.dbt_elt_tpch.fct__orders'
[0m18:57:17.136334 [debug] [Thread-2 (]: Began compiling node model.dbt_elt_tpch.fct__orders
[0m18:57:17.152907 [debug] [Thread-2 (]: Writing injected SQL for node "model.dbt_elt_tpch.fct__orders"
[0m18:57:17.155184 [debug] [Thread-2 (]: Began executing node model.dbt_elt_tpch.fct__orders
[0m18:57:17.196832 [debug] [Thread-2 (]: Writing runtime sql for node "model.dbt_elt_tpch.fct__orders"
[0m18:57:17.198770 [debug] [Thread-2 (]: Using snowflake connection "model.dbt_elt_tpch.fct__orders"
[0m18:57:17.199319 [debug] [Thread-2 (]: On model.dbt_elt_tpch.fct__orders: create or replace transient table dbt_db.dbt_schema.fct__orders
    
    
    
    
    

    as (select
    orders.*,
    order_item_summary.gross_item_sales_amount,
    order_item_summary.item_discount_amount
from
    dbt_db.dbt_schema.stg__tpch_orders AS orders
join
    dbt_db.dbt_schema.int_order_items_summary as order_item_summary
        on orders.order_key = order_item_summary.order_key
order by order_date
    )

/* {"app": "dbt", "dbt_version": "1.12.0", "profile_name": "dbt_elt_tpch", "target_name": "dev", "node_id": "model.dbt_elt_tpch.fct__orders"} */;
[0m18:57:17.199754 [debug] [Thread-2 (]: Opening a new connection, currently in state init
[0m18:57:18.758850 [debug] [Thread-2 (]: SQL status: SUCCESS 1500000 in 1.559 seconds
[0m18:57:18.789064 [debug] [Thread-2 (]: Sending event: {'category': 'dbt', 'action': 'run_model', 'label': 'a249b841-588b-4aad-af8e-90c3b0b9c77d', 'context': [<snowplow_tracker.self_describing_json.SelfDescribingJson object at 0x0000020F35025FF0>]}
[0m18:57:18.789983 [info ] [Thread-2 (]: 1 of 1 OK created sql table model dbt_schema.fct__orders ....................... [[32mSUCCESS 1500000[0m in 1.65s]
[0m18:57:18.790857 [debug] [Thread-2 (]: Finished running node model.dbt_elt_tpch.fct__orders
[0m18:57:18.792977 [debug] [MainThread]: Connection 'master' was properly closed.
[0m18:57:18.793445 [debug] [MainThread]: Connection 'list_dbt_db' was left open.
[0m18:57:18.793820 [debug] [MainThread]: On list_dbt_db: Close
[0m18:57:18.977525 [debug] [MainThread]: Connection 'list_dbt_db_dbt_schema' was left open.
[0m18:57:18.978253 [debug] [MainThread]: On list_dbt_db_dbt_schema: Close
[0m18:57:19.141227 [debug] [MainThread]: Connection 'model.dbt_elt_tpch.fct__orders' was left open.
[0m18:57:19.141908 [debug] [MainThread]: On model.dbt_elt_tpch.fct__orders: Close
[0m18:57:19.328696 [info ] [MainThread]: 
[0m18:57:19.331081 [info ] [MainThread]: Finished running 1 table model in 0 hours 0 minutes and 4.90 seconds (4.90s).
[0m18:57:19.335019 [debug] [MainThread]: Command end result
[0m18:57:19.402516 [debug] [MainThread]: Wrote artifact WritableManifest to C:\Users\pc\dbt_elt_tpch\target\manifest.json
[0m18:57:19.406502 [debug] [MainThread]: Wrote artifact SemanticManifest to C:\Users\pc\dbt_elt_tpch\target\semantic_manifest.json
[0m18:57:19.410609 [debug] [MainThread]: Wrote artifact OsiDocument to C:\Users\pc\dbt_elt_tpch\target\osi_document.json
[0m18:57:19.419072 [debug] [MainThread]: Wrote artifact RunExecutionResult to C:\Users\pc\dbt_elt_tpch\target\run_results.json
[0m18:57:19.419533 [info ] [MainThread]: 
[0m18:57:19.420118 [info ] [MainThread]: [32mCompleted successfully[0m
[0m18:57:19.420678 [info ] [MainThread]: 
[0m18:57:19.421144 [info ] [MainThread]: Done. PASS=1 WARN=0 ERROR=0 SKIP=0 NO-OP=0 REUSED=0 TOTAL=1
[0m18:57:19.421775 [warn ] [MainThread]: [[33mWARNING[0m][DeprecationsSummary]: Deprecated functionality
Summary of encountered deprecations:
- MissingPlusPrefixDeprecation: 4 occurrences
To see all deprecation instances instead of just the first occurrence of each,
run command again with the `--show-all-deprecations` flag. You may also need to
run with `--no-partial-parse` as some deprecations are only encountered during
parsing.
[0m18:57:19.423020 [debug] [MainThread]: Command `dbt run` succeeded at 18:57:19.422897 after 7.48 seconds
[0m18:57:19.423438 [debug] [MainThread]: Sending event: {'category': 'dbt', 'action': 'invocation', 'label': 'end', 'context': [<snowplow_tracker.self_describing_json.SelfDescribingJson object at 0x0000020F2F640870>, <snowplow_tracker.self_describing_json.SelfDescribingJson object at 0x0000020F4AD276E0>, <snowplow_tracker.self_describing_json.SelfDescribingJson object at 0x0000020F4A75EAD0>]}
[0m18:57:19.423856 [debug] [MainThread]: Flushing usage events
[0m18:57:20.416151 [debug] [MainThread]: An error was encountered while trying to flush usage events
[0m19:32:32.553099 [debug] [MainThread]: Sending event: {'category': 'dbt', 'action': 'invocation', 'label': 'start', 'context': [<snowplow_tracker.self_describing_json.SelfDescribingJson object at 0x000001EE30BCD550>, <snowplow_tracker.self_describing_json.SelfDescribingJson object at 0x000001EE2E6A16D0>, <snowplow_tracker.self_describing_json.SelfDescribingJson object at 0x000001EE335A3890>]}


============================== 19:32:32.585596 | cb500ebc-9fa9-4b1c-a2b0-1db381eb5125 ==============================
[0m19:32:32.585596 [info ] [MainThread]: Running with dbt=1.12.0
[0m19:32:32.587260 [debug] [MainThread]: running dbt with arguments {'maximum_seed_size_mib': '1', 'no_print': 'None', 'static_parser': 'True', 'target_path': 'None', 'warn_error_options': 'WarnErrorOptionsV2(error=[], warn=[], silence=[])', 'version_check': 'True', 'printer_width': '80', 'write_json': 'True', 'empty': 'False', 'log_cache_events': 'False', 'introspect': 'True', 'cache_selected_only': 'False', 'log_format': 'default', 'debug': 'False', 'fail_fast': 'False', 'profiles_dir': 'C:\\Users\\pc\\.dbt', 'send_anonymous_usage_stats': 'True', 'quiet': 'False', 'warn_error': 'None', 'partial_parse': 'True', 'invocation_command': 'dbt run', 'hints_enabled': 'True', 'indirect_selection': 'eager', 'use_experimental_parser': 'False', 'use_colors': 'True', 'log_path': 'C:\\Users\\pc\\dbt_elt_tpch\\logs'}
[0m19:32:34.087607 [debug] [MainThread]: Snowflake adapter: Setting snowflake.connector to ERROR (file logging only)
[0m19:32:34.088401 [debug] [MainThread]: Snowflake adapter: Setting botocore to ERROR (file logging only)
[0m19:32:34.089028 [debug] [MainThread]: Snowflake adapter: Setting boto3 to ERROR (file logging only)
[0m19:32:34.386281 [warn ] [MainThread]: [[33mWARNING[0m][MissingPlusPrefixDeprecation]: Deprecated functionality
Missing '+' prefix on `snowflake_warehouse` found at
`dbt_elt_tpch.marts.snowflake_warehouse` in file
`C:\Users\pc\dbt_elt_tpch\dbt_project.yml`. Hierarchical config values without a
'+' prefix are deprecated in dbt_project.yml.
[0m19:32:34.387468 [debug] [MainThread]: Sending event: {'category': 'dbt', 'action': 'deprecation', 'label': 'cb500ebc-9fa9-4b1c-a2b0-1db381eb5125', 'property_': 'warn', 'context': [<snowplow_tracker.self_describing_json.SelfDescribingJson object at 0x000001EE4621A3F0>]}
[0m19:32:34.756200 [debug] [MainThread]: Sending event: {'category': 'dbt', 'action': 'project_id', 'label': 'cb500ebc-9fa9-4b1c-a2b0-1db381eb5125', 'context': [<snowplow_tracker.self_describing_json.SelfDescribingJson object at 0x000001EE466D3790>]}
[0m19:32:34.874112 [debug] [MainThread]: Sending event: {'category': 'dbt', 'action': 'adapter_info', 'label': 'cb500ebc-9fa9-4b1c-a2b0-1db381eb5125', 'context': [<snowplow_tracker.self_describing_json.SelfDescribingJson object at 0x000001EE46468E50>]}
[0m19:32:34.877028 [info ] [MainThread]: Registered adapter: snowflake=1.12.0
[0m19:32:35.928774 [debug] [MainThread]: checksum: 3f97c68dea7470a2a1e4216ff223f1f4cf8a522e47e57870a6fc8d9ecd080023, vars: {}, profile: dbt_elt_tpch, target: dev, version: 1.12.0
[0m19:32:36.379612 [debug] [MainThread]: Partial parsing enabled: 0 files deleted, 3 files added, 0 files changed.
[0m19:32:36.380702 [debug] [MainThread]: Partial parsing: added file: dbt_elt_tpch://tests\fct_orders_discount.sql
[0m19:32:36.381488 [debug] [MainThread]: Partial parsing: added file: dbt_elt_tpch://tests\fct_order_date.sql
[0m19:32:36.382342 [debug] [MainThread]: Partial parsing: added file: dbt_elt_tpch://models\marts\generic_tests.yml
[0m19:32:36.958559 [warn ] [MainThread]: [[33mWARNING[0m]: Did not find matching node for patch with name 'fct_orders' in the 'models' section of file 'models\marts\generic_tests.yml'
[0m19:32:37.125406 [warn ] [MainThread]: [[33mWARNING[0m][MissingArgumentsPropertyInGenericTestDeprecation]: Deprecated
functionality
Found top-level arguments to test `relationships` defined on 'fct_orders' in
package 'dbt_elt_tpch' (models\marts\generic_tests.yml). Arguments to generic
tests should be nested under the `arguments` property.
[0m19:32:37.126490 [debug] [MainThread]: Sending event: {'category': 'dbt', 'action': 'deprecation', 'label': 'cb500ebc-9fa9-4b1c-a2b0-1db381eb5125', 'property_': 'warn', 'context': [<snowplow_tracker.self_describing_json.SelfDescribingJson object at 0x000001EE46F134D0>]}
[0m19:32:37.195444 [warn ] [MainThread]: [[33mWARNING[0m]: Test 'test.dbt_elt_tpch.fct_orders_discount' (tests\fct_orders_discount.sql) depends on a node named 'fct_orders' in package '' which was not found
[0m19:32:37.197022 [warn ] [MainThread]: [[33mWARNING[0m]: Test 'test.dbt_elt_tpch.fct_order_date' (tests\fct_order_date.sql) depends on a node named 'fct_orders' in package '' which was not found
[0m19:32:37.198310 [warn ] [MainThread]: [[33mWARNING[0m]: Test 'test.dbt_elt_tpch.unique_fct_orders_order_key.f5e7a90273' (models\marts\generic_tests.yml) depends on a node named 'fct_orders' in package '' which was not found
[0m19:32:37.199598 [warn ] [MainThread]: [[33mWARNING[0m]: Test 'test.dbt_elt_tpch.not_null_fct_orders_order_key.6a6f83ab15' (models\marts\generic_tests.yml) depends on a node named 'fct_orders' in package '' which was not found
[0m19:32:37.201012 [warn ] [MainThread]: [[33mWARNING[0m]: Test 'test.dbt_elt_tpch.relationships_fct_orders_order_key__order_key__ref_stg__tpch_orders_.0a2f3a1e50' (models\marts\generic_tests.yml) depends on a node named 'fct_orders' in package '' which was not found
[0m19:32:37.203788 [warn ] [MainThread]: [[33mWARNING[0m]: Test 'test.dbt_elt_tpch.accepted_values_fct_orders_status_code__P__O__F.2c062f3048' (models\marts\generic_tests.yml) depends on a node named 'fct_orders' in package '' which was not found
[0m19:32:37.363963 [debug] [MainThread]: Sending event: {'category': 'dbt', 'action': 'load_project', 'label': 'cb500ebc-9fa9-4b1c-a2b0-1db381eb5125', 'context': [<snowplow_tracker.self_describing_json.SelfDescribingJson object at 0x000001EE470B9B70>]}
[0m19:32:37.636416 [debug] [MainThread]: Wrote artifact WritableManifest to C:\Users\pc\dbt_elt_tpch\target\manifest.json
[0m19:32:37.642382 [debug] [MainThread]: Wrote artifact SemanticManifest to C:\Users\pc\dbt_elt_tpch\target\semantic_manifest.json
[0m19:32:37.735484 [debug] [MainThread]: Wrote artifact OsiDocument to C:\Users\pc\dbt_elt_tpch\target\osi_document.json
[0m19:32:37.796882 [debug] [MainThread]: Sending event: {'category': 'dbt', 'action': 'resource_counts', 'label': 'cb500ebc-9fa9-4b1c-a2b0-1db381eb5125', 'context': [<snowplow_tracker.self_describing_json.SelfDescribingJson object at 0x000001EE4721A270>]}
[0m19:32:37.800546 [info ] [MainThread]: Found 5 models, 3 data tests, 2 sources, 660 macros
[0m19:32:37.804240 [debug] [MainThread]: Sending event: {'category': 'dbt', 'action': 'runnable_timing', 'label': 'cb500ebc-9fa9-4b1c-a2b0-1db381eb5125', 'context': [<snowplow_tracker.self_describing_json.SelfDescribingJson object at 0x000001EE472CCD10>]}
[0m19:32:37.813713 [info ] [MainThread]: 
[0m19:32:37.816051 [info ] [MainThread]: Concurrency: 10 threads (target='dev')
[0m19:32:37.820034 [info ] [MainThread]: 
[0m19:32:37.823527 [debug] [MainThread]: Acquiring new snowflake connection 'master'
[0m19:32:37.861397 [debug] [ThreadPool]: Acquiring new snowflake connection 'list_dbt_db'
[0m19:32:37.916821 [debug] [ThreadPool]: Using snowflake connection "list_dbt_db"
[0m19:32:37.918008 [debug] [ThreadPool]: On list_dbt_db: show terse schemas in database dbt_db
    limit 10000
/* {"app": "dbt", "dbt_version": "1.12.0", "profile_name": "dbt_elt_tpch", "target_name": "dev", "connection_name": "list_dbt_db"} */
[0m19:32:37.919056 [debug] [ThreadPool]: Opening a new connection, currently in state init
[0m19:32:39.738866 [debug] [ThreadPool]: SQL status: SUCCESS 3 in 1.820 seconds
[0m19:32:39.749975 [debug] [ThreadPool]: Acquiring new snowflake connection 'list_dbt_db_dbt_schema'
[0m19:32:39.797746 [debug] [ThreadPool]: Using snowflake connection "list_dbt_db_dbt_schema"
[0m19:32:39.799366 [debug] [ThreadPool]: On list_dbt_db_dbt_schema: show objects in dbt_db.dbt_schema
    limit 10000
    

/* {"app": "dbt", "dbt_version": "1.12.0", "profile_name": "dbt_elt_tpch", "target_name": "dev", "connection_name": "list_dbt_db_dbt_schema"} */;
[0m19:32:39.800702 [debug] [ThreadPool]: Opening a new connection, currently in state init
[0m19:32:41.311325 [debug] [ThreadPool]: SQL status: SUCCESS 5 in 1.510 seconds
[0m19:32:41.334617 [debug] [ThreadPool]: Using snowflake connection "list_dbt_db_dbt_schema"
[0m19:32:41.336269 [debug] [ThreadPool]: On list_dbt_db_dbt_schema: show user functions in dbt_db.dbt_schema
/* {"app": "dbt", "dbt_version": "1.12.0", "profile_name": "dbt_elt_tpch", "target_name": "dev", "connection_name": "list_dbt_db_dbt_schema"} */
[0m19:32:41.485756 [debug] [ThreadPool]: SQL status: SUCCESS 0 in 0.148 seconds
[0m19:32:41.497528 [debug] [MainThread]: Sending event: {'category': 'dbt', 'action': 'runnable_timing', 'label': 'cb500ebc-9fa9-4b1c-a2b0-1db381eb5125', 'context': [<snowplow_tracker.self_describing_json.SelfDescribingJson object at 0x000001EE2E92F490>]}
[0m19:32:41.527105 [debug] [Thread-3 (]: Began running node model.dbt_elt_tpch.stg__tpch_orders
[0m19:32:41.529197 [debug] [Thread-2 (]: Began running node model.dbt_elt_tpch.stg__tpch_line_items
[0m19:32:41.531447 [info ] [Thread-3 (]: 2 of 5 START sql view model dbt_schema.stg__tpch_orders ........................ [RUN]
[0m19:32:41.536987 [debug] [Thread-3 (]: Acquiring new snowflake connection 'model.dbt_elt_tpch.stg__tpch_orders'
[0m19:32:41.534073 [info ] [Thread-2 (]: 1 of 5 START sql view model dbt_schema.stg__tpch_line_items .................... [RUN]
[0m19:32:41.541149 [debug] [Thread-2 (]: Acquiring new snowflake connection 'model.dbt_elt_tpch.stg__tpch_line_items'
[0m19:32:41.538807 [debug] [Thread-3 (]: Began compiling node model.dbt_elt_tpch.stg__tpch_orders
[0m19:32:41.543293 [debug] [Thread-2 (]: Began compiling node model.dbt_elt_tpch.stg__tpch_line_items
[0m19:32:41.578388 [debug] [Thread-3 (]: Writing injected SQL for node "model.dbt_elt_tpch.stg__tpch_orders"
[0m19:32:41.638469 [debug] [Thread-2 (]: Writing injected SQL for node "model.dbt_elt_tpch.stg__tpch_line_items"
[0m19:32:41.641580 [debug] [Thread-3 (]: Began executing node model.dbt_elt_tpch.stg__tpch_orders
[0m19:32:41.716036 [debug] [Thread-2 (]: Began executing node model.dbt_elt_tpch.stg__tpch_line_items
[0m19:32:41.790065 [debug] [Thread-3 (]: Writing runtime sql for node "model.dbt_elt_tpch.stg__tpch_orders"
[0m19:32:41.792605 [debug] [Thread-2 (]: Writing runtime sql for node "model.dbt_elt_tpch.stg__tpch_line_items"
[0m19:32:41.799853 [debug] [Thread-2 (]: Using snowflake connection "model.dbt_elt_tpch.stg__tpch_line_items"
[0m19:32:41.804729 [debug] [Thread-2 (]: On model.dbt_elt_tpch.stg__tpch_line_items: create or replace   view dbt_db.dbt_schema.stg__tpch_line_items
  
  
  
  
  as (
    select
    md5(cast(coalesce(cast(l_orderkey as TEXT), '_dbt_utils_surrogate_key_null_') || '-' || coalesce(cast(l_linenumber as TEXT), '_dbt_utils_surrogate_key_null_') as TEXT)) as order_item_key,
	l_orderkey as order_key,
	l_partkey as part_key,
	l_linenumber as line_number,
	l_quantity as quantity,
	l_extendedprice as extended_price,
	l_discount as discount_percentage,
	l_tax as tax_rate
from
    snowflake_sample_data.tpch_sf1.lineitem
  )
/* {"app": "dbt", "dbt_version": "1.12.0", "profile_name": "dbt_elt_tpch", "target_name": "dev", "node_id": "model.dbt_elt_tpch.stg__tpch_line_items"} */;
[0m19:32:41.803035 [debug] [Thread-3 (]: Using snowflake connection "model.dbt_elt_tpch.stg__tpch_orders"
[0m19:32:41.808243 [debug] [Thread-3 (]: On model.dbt_elt_tpch.stg__tpch_orders: create or replace   view dbt_db.dbt_schema.stg__tpch_orders
  
  
  
  
  as (
    select
    o_orderkey as order_key,
    o_custkey as customer_key,
    o_orderstatus as status_code,
    o_totalprice as total_price,
    o_orderdate as order_date
from
    snowflake_sample_data.tpch_sf1.orders
  )
/* {"app": "dbt", "dbt_version": "1.12.0", "profile_name": "dbt_elt_tpch", "target_name": "dev", "node_id": "model.dbt_elt_tpch.stg__tpch_orders"} */;
[0m19:32:41.806572 [debug] [Thread-2 (]: Opening a new connection, currently in state init
[0m19:32:41.809976 [debug] [Thread-3 (]: Opening a new connection, currently in state init
[0m19:32:42.907710 [debug] [Thread-3 (]: SQL status: SUCCESS 1 in 1.098 seconds
[0m19:32:42.958914 [debug] [Thread-2 (]: SQL status: SUCCESS 1 in 1.152 seconds
[0m19:32:43.056302 [debug] [Thread-2 (]: Sending event: {'category': 'dbt', 'action': 'run_model', 'label': 'cb500ebc-9fa9-4b1c-a2b0-1db381eb5125', 'context': [<snowplow_tracker.self_describing_json.SelfDescribingJson object at 0x000001EE4732B2F0>]}
[0m19:32:43.057960 [debug] [Thread-3 (]: Sending event: {'category': 'dbt', 'action': 'run_model', 'label': 'cb500ebc-9fa9-4b1c-a2b0-1db381eb5125', 'context': [<snowplow_tracker.self_describing_json.SelfDescribingJson object at 0x000001EE4714CEF0>]}
[0m19:32:43.060477 [info ] [Thread-2 (]: 1 of 5 OK created sql view model dbt_schema.stg__tpch_line_items ............... [[32mSUCCESS 1[0m in 1.51s]
[0m19:32:43.065849 [debug] [Thread-2 (]: Finished running node model.dbt_elt_tpch.stg__tpch_line_items
[0m19:32:43.062752 [info ] [Thread-3 (]: 2 of 5 OK created sql view model dbt_schema.stg__tpch_orders ................... [[32mSUCCESS 1[0m in 1.52s]
[0m19:32:43.069447 [debug] [Thread-3 (]: Finished running node model.dbt_elt_tpch.stg__tpch_orders
[0m19:32:43.073635 [debug] [Thread-4 (]: Began running node model.dbt_elt_tpch.int_order_items
[0m19:32:43.076946 [info ] [Thread-4 (]: 3 of 5 START sql table model dbt_schema.int_order_items ........................ [RUN]
[0m19:32:43.082928 [debug] [Thread-4 (]: Acquiring new snowflake connection 'model.dbt_elt_tpch.int_order_items'
[0m19:32:43.086010 [debug] [Thread-4 (]: Began compiling node model.dbt_elt_tpch.int_order_items
[0m19:32:43.102128 [debug] [Thread-4 (]: Writing injected SQL for node "model.dbt_elt_tpch.int_order_items"
[0m19:32:43.108886 [debug] [Thread-4 (]: Began executing node model.dbt_elt_tpch.int_order_items
[0m19:32:43.226344 [debug] [Thread-4 (]: Writing runtime sql for node "model.dbt_elt_tpch.int_order_items"
[0m19:32:43.232761 [debug] [Thread-4 (]: Using snowflake connection "model.dbt_elt_tpch.int_order_items"
[0m19:32:43.234527 [debug] [Thread-4 (]: On model.dbt_elt_tpch.int_order_items: create or replace transient table dbt_db.dbt_schema.int_order_items
    
    
    
    
    

    as (select
    li.order_item_key,
    li.part_key,
    li.line_number,
    li.extended_price,
    o.order_key,
    o.customer_key,
    o.order_date,
    
    (-1 * li.extended_price * li.discount_percentage)::decimal(16, 2)
 AS item_discount_amount
from
    dbt_db.dbt_schema.stg__tpch_orders o
join
    dbt_db.dbt_schema.stg__tpch_line_items li
        on o.order_key = li.order_key
order by
    o.order_date
    )

/* {"app": "dbt", "dbt_version": "1.12.0", "profile_name": "dbt_elt_tpch", "target_name": "dev", "node_id": "model.dbt_elt_tpch.int_order_items"} */;
[0m19:32:43.236120 [debug] [Thread-4 (]: Opening a new connection, currently in state init
[0m19:32:47.456279 [debug] [Thread-4 (]: SQL status: SUCCESS 6001215 in 4.220 seconds
[0m19:32:47.464971 [debug] [Thread-4 (]: Sending event: {'category': 'dbt', 'action': 'run_model', 'label': 'cb500ebc-9fa9-4b1c-a2b0-1db381eb5125', 'context': [<snowplow_tracker.self_describing_json.SelfDescribingJson object at 0x000001EE47268750>]}
[0m19:32:47.467721 [info ] [Thread-4 (]: 3 of 5 OK created sql table model dbt_schema.int_order_items ................... [[32mSUCCESS 6001215[0m in 4.38s]
[0m19:32:47.471120 [debug] [Thread-4 (]: Finished running node model.dbt_elt_tpch.int_order_items
[0m19:32:47.473995 [debug] [Thread-5 (]: Began running node model.dbt_elt_tpch.int_order_items_summary
[0m19:32:47.476731 [info ] [Thread-5 (]: 4 of 5 START sql table model dbt_schema.int_order_items_summary ................ [RUN]
[0m19:32:47.479215 [debug] [Thread-5 (]: Acquiring new snowflake connection 'model.dbt_elt_tpch.int_order_items_summary'
[0m19:32:47.481018 [debug] [Thread-5 (]: Began compiling node model.dbt_elt_tpch.int_order_items_summary
[0m19:32:47.488836 [debug] [Thread-5 (]: Writing injected SQL for node "model.dbt_elt_tpch.int_order_items_summary"
[0m19:32:47.495319 [debug] [Thread-5 (]: Began executing node model.dbt_elt_tpch.int_order_items_summary
[0m19:32:47.507752 [debug] [Thread-5 (]: Writing runtime sql for node "model.dbt_elt_tpch.int_order_items_summary"
[0m19:32:47.518362 [debug] [Thread-5 (]: Using snowflake connection "model.dbt_elt_tpch.int_order_items_summary"
[0m19:32:47.520727 [debug] [Thread-5 (]: On model.dbt_elt_tpch.int_order_items_summary: create or replace transient table dbt_db.dbt_schema.int_order_items_summary
    
    
    
    
    

    as (-- aggregated info
select 
    order_key,
    sum(extended_price) as gross_item_sales_amount,
    sum(item_discount_amount) as item_discount_amount
from
    dbt_db.dbt_schema.int_order_items
group by
    order_key
    )

/* {"app": "dbt", "dbt_version": "1.12.0", "profile_name": "dbt_elt_tpch", "target_name": "dev", "node_id": "model.dbt_elt_tpch.int_order_items_summary"} */;
[0m19:32:47.522870 [debug] [Thread-5 (]: Opening a new connection, currently in state init
[0m19:32:49.166117 [debug] [Thread-5 (]: SQL status: SUCCESS 1500000 in 1.643 seconds
[0m19:32:49.174758 [debug] [Thread-5 (]: Sending event: {'category': 'dbt', 'action': 'run_model', 'label': 'cb500ebc-9fa9-4b1c-a2b0-1db381eb5125', 'context': [<snowplow_tracker.self_describing_json.SelfDescribingJson object at 0x000001EE47182570>]}
[0m19:32:49.177399 [info ] [Thread-5 (]: 4 of 5 OK created sql table model dbt_schema.int_order_items_summary ........... [[32mSUCCESS 1500000[0m in 1.70s]
[0m19:32:49.180872 [debug] [Thread-5 (]: Finished running node model.dbt_elt_tpch.int_order_items_summary
[0m19:32:49.183979 [debug] [Thread-6 (]: Began running node model.dbt_elt_tpch.fct__orders
[0m19:32:49.186495 [info ] [Thread-6 (]: 5 of 5 START sql table model dbt_schema.fct__orders ............................ [RUN]
[0m19:32:49.189791 [debug] [Thread-6 (]: Acquiring new snowflake connection 'model.dbt_elt_tpch.fct__orders'
[0m19:32:49.192345 [debug] [Thread-6 (]: Began compiling node model.dbt_elt_tpch.fct__orders
[0m19:32:49.203602 [debug] [Thread-6 (]: Writing injected SQL for node "model.dbt_elt_tpch.fct__orders"
[0m19:32:49.209470 [debug] [Thread-6 (]: Began executing node model.dbt_elt_tpch.fct__orders
[0m19:32:49.222214 [debug] [Thread-6 (]: Writing runtime sql for node "model.dbt_elt_tpch.fct__orders"
[0m19:32:49.229296 [debug] [Thread-6 (]: Using snowflake connection "model.dbt_elt_tpch.fct__orders"
[0m19:32:49.231467 [debug] [Thread-6 (]: On model.dbt_elt_tpch.fct__orders: create or replace transient table dbt_db.dbt_schema.fct__orders
    
    
    
    
    

    as (select
    orders.*,
    order_item_summary.gross_item_sales_amount,
    order_item_summary.item_discount_amount
from
    dbt_db.dbt_schema.stg__tpch_orders AS orders
join
    dbt_db.dbt_schema.int_order_items_summary as order_item_summary
        on orders.order_key = order_item_summary.order_key
order by order_date
    )

/* {"app": "dbt", "dbt_version": "1.12.0", "profile_name": "dbt_elt_tpch", "target_name": "dev", "node_id": "model.dbt_elt_tpch.fct__orders"} */;
[0m19:32:49.233248 [debug] [Thread-6 (]: Opening a new connection, currently in state init
[0m19:32:51.141177 [debug] [Thread-6 (]: SQL status: SUCCESS 1500000 in 1.908 seconds
[0m19:32:51.150903 [debug] [Thread-6 (]: Sending event: {'category': 'dbt', 'action': 'run_model', 'label': 'cb500ebc-9fa9-4b1c-a2b0-1db381eb5125', 'context': [<snowplow_tracker.self_describing_json.SelfDescribingJson object at 0x000001EE46637C50>]}
[0m19:32:51.153727 [info ] [Thread-6 (]: 5 of 5 OK created sql table model dbt_schema.fct__orders ....................... [[32mSUCCESS 1500000[0m in 1.96s]
[0m19:32:51.157215 [debug] [Thread-6 (]: Finished running node model.dbt_elt_tpch.fct__orders
[0m19:32:51.165837 [debug] [MainThread]: Connection 'master' was properly closed.
[0m19:32:51.167507 [debug] [MainThread]: Connection 'list_dbt_db' was left open.
[0m19:32:51.169103 [debug] [MainThread]: On list_dbt_db: Close
[0m19:32:51.363838 [debug] [MainThread]: Connection 'list_dbt_db_dbt_schema' was left open.
[0m19:32:51.365539 [debug] [MainThread]: On list_dbt_db_dbt_schema: Close
[0m19:32:51.546549 [debug] [MainThread]: Connection 'model.dbt_elt_tpch.stg__tpch_orders' was left open.
[0m19:32:51.548273 [debug] [MainThread]: On model.dbt_elt_tpch.stg__tpch_orders: Close
[0m19:32:51.735091 [debug] [MainThread]: Connection 'model.dbt_elt_tpch.stg__tpch_line_items' was left open.
[0m19:32:51.736746 [debug] [MainThread]: On model.dbt_elt_tpch.stg__tpch_line_items: Close
[0m19:32:51.925511 [debug] [MainThread]: Connection 'model.dbt_elt_tpch.int_order_items' was left open.
[0m19:32:51.927249 [debug] [MainThread]: On model.dbt_elt_tpch.int_order_items: Close
[0m19:32:52.113583 [debug] [MainThread]: Connection 'model.dbt_elt_tpch.int_order_items_summary' was left open.
[0m19:32:52.115286 [debug] [MainThread]: On model.dbt_elt_tpch.int_order_items_summary: Close
[0m19:32:52.312385 [debug] [MainThread]: Connection 'model.dbt_elt_tpch.fct__orders' was left open.
[0m19:32:52.314081 [debug] [MainThread]: On model.dbt_elt_tpch.fct__orders: Close
[0m19:32:52.519190 [info ] [MainThread]: 
[0m19:32:52.521507 [info ] [MainThread]: Finished running 3 table models, 2 view models in 0 hours 0 minutes and 14.70 seconds (14.70s).
[0m19:32:52.528360 [debug] [MainThread]: Command end result
[0m19:32:52.695956 [debug] [MainThread]: Wrote artifact WritableManifest to C:\Users\pc\dbt_elt_tpch\target\manifest.json
[0m19:32:52.705509 [debug] [MainThread]: Wrote artifact SemanticManifest to C:\Users\pc\dbt_elt_tpch\target\semantic_manifest.json
[0m19:32:52.715354 [debug] [MainThread]: Wrote artifact OsiDocument to C:\Users\pc\dbt_elt_tpch\target\osi_document.json
[0m19:32:52.734990 [debug] [MainThread]: Wrote artifact RunExecutionResult to C:\Users\pc\dbt_elt_tpch\target\run_results.json
[0m19:32:52.735971 [info ] [MainThread]: 
[0m19:32:52.737422 [info ] [MainThread]: [32mCompleted successfully[0m
[0m19:32:52.738708 [info ] [MainThread]: 
[0m19:32:52.739974 [info ] [MainThread]: Done. PASS=5 WARN=0 ERROR=0 SKIP=0 NO-OP=0 REUSED=0 TOTAL=5
[0m19:32:52.741858 [warn ] [MainThread]: [[33mWARNING[0m][DeprecationsSummary]: Deprecated functionality
Summary of encountered deprecations:
- MissingPlusPrefixDeprecation: 4 occurrences
- MissingArgumentsPropertyInGenericTestDeprecation: 2 occurrences
To see all deprecation instances instead of just the first occurrence of each,
run command again with the `--show-all-deprecations` flag. You may also need to
run with `--no-partial-parse` as some deprecations are only encountered during
parsing.
[0m19:32:52.745271 [debug] [MainThread]: Command `dbt run` succeeded at 19:32:52.744834 after 20.62 seconds
[0m19:32:52.746396 [debug] [MainThread]: Sending event: {'category': 'dbt', 'action': 'invocation', 'label': 'end', 'context': [<snowplow_tracker.self_describing_json.SelfDescribingJson object at 0x000001EE3336BAD0>, <snowplow_tracker.self_describing_json.SelfDescribingJson object at 0x000001EE335B28D0>, <snowplow_tracker.self_describing_json.SelfDescribingJson object at 0x000001EE46622870>]}
[0m19:32:52.747486 [debug] [MainThread]: Flushing usage events
[0m19:32:54.621934 [debug] [MainThread]: An error was encountered while trying to flush usage events
[0m19:34:43.932346 [debug] [MainThread]: Sending event: {'category': 'dbt', 'action': 'invocation', 'label': 'start', 'context': [<snowplow_tracker.self_describing_json.SelfDescribingJson object at 0x000002685B289550>, <snowplow_tracker.self_describing_json.SelfDescribingJson object at 0x0000026858D656D0>, <snowplow_tracker.self_describing_json.SelfDescribingJson object at 0x000002685DC53890>]}


============================== 19:34:43.969162 | 3ba4cbcc-8aa0-4220-85d1-572ea5ce7352 ==============================
[0m19:34:43.969162 [info ] [MainThread]: Running with dbt=1.12.0
[0m19:34:43.971912 [debug] [MainThread]: running dbt with arguments {'maximum_seed_size_mib': '1', 'no_print': 'None', 'version_check': 'True', 'target_path': 'None', 'warn_error_options': 'WarnErrorOptionsV2(error=[], warn=[], silence=[])', 'static_parser': 'True', 'printer_width': '80', 'write_json': 'True', 'empty': 'None', 'log_cache_events': 'False', 'introspect': 'True', 'cache_selected_only': 'False', 'log_format': 'default', 'debug': 'False', 'fail_fast': 'False', 'partial_parse': 'True', 'send_anonymous_usage_stats': 'True', 'quiet': 'False', 'warn_error': 'None', 'profiles_dir': 'C:\\Users\\pc\\.dbt', 'use_colors': 'True', 'hints_enabled': 'True', 'invocation_command': 'dbt test', 'use_experimental_parser': 'False', 'indirect_selection': 'eager', 'log_path': 'C:\\Users\\pc\\dbt_elt_tpch\\logs'}
[0m19:34:45.500296 [debug] [MainThread]: Snowflake adapter: Setting snowflake.connector to ERROR (file logging only)
[0m19:34:45.501220 [debug] [MainThread]: Snowflake adapter: Setting botocore to ERROR (file logging only)
[0m19:34:45.509810 [debug] [MainThread]: Snowflake adapter: Setting boto3 to ERROR (file logging only)
[0m19:34:45.902187 [warn ] [MainThread]: [[33mWARNING[0m][MissingPlusPrefixDeprecation]: Deprecated functionality
Missing '+' prefix on `snowflake_warehouse` found at
`dbt_elt_tpch.marts.snowflake_warehouse` in file
`C:\Users\pc\dbt_elt_tpch\dbt_project.yml`. Hierarchical config values without a
'+' prefix are deprecated in dbt_project.yml.
[0m19:34:45.903229 [debug] [MainThread]: Sending event: {'category': 'dbt', 'action': 'deprecation', 'label': '3ba4cbcc-8aa0-4220-85d1-572ea5ce7352', 'property_': 'warn', 'context': [<snowplow_tracker.self_describing_json.SelfDescribingJson object at 0x000002687095A3F0>]}
[0m19:34:46.268474 [debug] [MainThread]: Sending event: {'category': 'dbt', 'action': 'project_id', 'label': '3ba4cbcc-8aa0-4220-85d1-572ea5ce7352', 'context': [<snowplow_tracker.self_describing_json.SelfDescribingJson object at 0x0000026870E13790>]}
[0m19:34:46.387537 [debug] [MainThread]: Sending event: {'category': 'dbt', 'action': 'adapter_info', 'label': '3ba4cbcc-8aa0-4220-85d1-572ea5ce7352', 'context': [<snowplow_tracker.self_describing_json.SelfDescribingJson object at 0x0000026870BA8E50>]}
[0m19:34:46.390404 [info ] [MainThread]: Registered adapter: snowflake=1.12.0
[0m19:34:47.319665 [debug] [MainThread]: checksum: 3f97c68dea7470a2a1e4216ff223f1f4cf8a522e47e57870a6fc8d9ecd080023, vars: {}, profile: dbt_elt_tpch, target: dev, version: 1.12.0
[0m19:34:47.763551 [debug] [MainThread]: Partial parsing enabled: 0 files deleted, 0 files added, 0 files changed.
[0m19:34:47.764190 [debug] [MainThread]: Nothing changed, skipping partial parsing.
[0m19:34:47.764696 [debug] [MainThread]: Partial parsing enabled, no changes found, skipping parsing
[0m19:34:47.784526 [debug] [MainThread]: Sending event: {'category': 'dbt', 'action': 'load_project', 'label': '3ba4cbcc-8aa0-4220-85d1-572ea5ce7352', 'context': [<snowplow_tracker.self_describing_json.SelfDescribingJson object at 0x000002687118F200>]}
[0m19:34:48.156965 [debug] [MainThread]: Wrote artifact WritableManifest to C:\Users\pc\dbt_elt_tpch\target\manifest.json
[0m19:34:48.163134 [debug] [MainThread]: Wrote artifact SemanticManifest to C:\Users\pc\dbt_elt_tpch\target\semantic_manifest.json
[0m19:34:48.216913 [debug] [MainThread]: Wrote artifact OsiDocument to C:\Users\pc\dbt_elt_tpch\target\osi_document.json
[0m19:34:48.284675 [debug] [MainThread]: Sending event: {'category': 'dbt', 'action': 'resource_counts', 'label': '3ba4cbcc-8aa0-4220-85d1-572ea5ce7352', 'context': [<snowplow_tracker.self_describing_json.SelfDescribingJson object at 0x00000268714FBE70>]}
[0m19:34:48.285965 [info ] [MainThread]: Found 5 models, 3 data tests, 2 sources, 660 macros
[0m19:34:48.287289 [debug] [MainThread]: Sending event: {'category': 'dbt', 'action': 'runnable_timing', 'label': '3ba4cbcc-8aa0-4220-85d1-572ea5ce7352', 'context': [<snowplow_tracker.self_describing_json.SelfDescribingJson object at 0x00000268711298B0>]}
[0m19:34:48.292965 [info ] [MainThread]: 
[0m19:34:48.294366 [info ] [MainThread]: Concurrency: 10 threads (target='dev')
[0m19:34:48.295632 [info ] [MainThread]: 
[0m19:34:48.297414 [debug] [MainThread]: Acquiring new snowflake connection 'master'
[0m19:34:48.317361 [debug] [ThreadPool]: Acquiring new snowflake connection 'list_dbt_db_dbt_schema'
[0m19:34:48.380001 [debug] [ThreadPool]: Using snowflake connection "list_dbt_db_dbt_schema"
[0m19:34:48.381008 [debug] [ThreadPool]: On list_dbt_db_dbt_schema: show objects in dbt_db.dbt_schema
    limit 10000
    

/* {"app": "dbt", "dbt_version": "1.12.0", "profile_name": "dbt_elt_tpch", "target_name": "dev", "connection_name": "list_dbt_db_dbt_schema"} */;
[0m19:34:48.381868 [debug] [ThreadPool]: Opening a new connection, currently in state init
[0m19:34:50.337516 [debug] [ThreadPool]: SQL status: SUCCESS 5 in 1.955 seconds
[0m19:34:50.362842 [debug] [ThreadPool]: Using snowflake connection "list_dbt_db_dbt_schema"
[0m19:34:50.364537 [debug] [ThreadPool]: On list_dbt_db_dbt_schema: show user functions in dbt_db.dbt_schema
/* {"app": "dbt", "dbt_version": "1.12.0", "profile_name": "dbt_elt_tpch", "target_name": "dev", "connection_name": "list_dbt_db_dbt_schema"} */
[0m19:34:50.518177 [debug] [ThreadPool]: SQL status: SUCCESS 0 in 0.152 seconds
[0m19:34:50.530547 [debug] [MainThread]: Sending event: {'category': 'dbt', 'action': 'runnable_timing', 'label': '3ba4cbcc-8aa0-4220-85d1-572ea5ce7352', 'context': [<snowplow_tracker.self_describing_json.SelfDescribingJson object at 0x0000026871509910>]}
[0m19:34:50.559786 [debug] [Thread-3 (]: Began running node test.dbt_elt_tpch.source_relationships_tpch_lineitem_l_orderkey__o_orderkey__source_tpch_orders_.f722cb898d
[0m19:34:50.562036 [debug] [Thread-4 (]: Began running node test.dbt_elt_tpch.source_unique_tpch_orders_o_orderkey.374f048af2
[0m19:34:50.563921 [debug] [Thread-2 (]: Began running node test.dbt_elt_tpch.source_not_null_tpch_orders_o_orderkey.ebd571817b
[0m19:34:50.565779 [info ] [Thread-3 (]: 2 of 3 START test source_relationships_tpch_lineitem_l_orderkey__o_orderkey__source_tpch_orders_  [RUN]
[0m19:34:50.572939 [debug] [Thread-3 (]: Acquiring new snowflake connection 'test.dbt_elt_tpch.source_relationships_tpch_lineitem_l_orderkey__o_orderkey__source_tpch_orders_.f722cb898d'
[0m19:34:50.575079 [debug] [Thread-3 (]: Began compiling node test.dbt_elt_tpch.source_relationships_tpch_lineitem_l_orderkey__o_orderkey__source_tpch_orders_.f722cb898d
[0m19:34:50.568230 [info ] [Thread-4 (]: 3 of 3 START test source_unique_tpch_orders_o_orderkey ......................... [RUN]
[0m19:34:50.570049 [info ] [Thread-2 (]: 1 of 3 START test source_not_null_tpch_orders_o_orderkey ....................... [RUN]
[0m19:34:50.608500 [debug] [Thread-4 (]: Acquiring new snowflake connection 'test.dbt_elt_tpch.source_unique_tpch_orders_o_orderkey.374f048af2'
[0m19:34:50.655094 [debug] [Thread-2 (]: Acquiring new snowflake connection 'test.dbt_elt_tpch.source_not_null_tpch_orders_o_orderkey.ebd571817b'
[0m19:34:50.701620 [debug] [Thread-4 (]: Began compiling node test.dbt_elt_tpch.source_unique_tpch_orders_o_orderkey.374f048af2
[0m19:34:50.703382 [debug] [Thread-3 (]: Writing injected SQL for node "test.dbt_elt_tpch.source_relationships_tpch_lineitem_l_orderkey__o_orderkey__source_tpch_orders_.f722cb898d"
[0m19:34:50.705217 [debug] [Thread-2 (]: Began compiling node test.dbt_elt_tpch.source_not_null_tpch_orders_o_orderkey.ebd571817b
[0m19:34:50.733098 [debug] [Thread-4 (]: Writing injected SQL for node "test.dbt_elt_tpch.source_unique_tpch_orders_o_orderkey.374f048af2"
[0m19:34:50.754491 [debug] [Thread-2 (]: Writing injected SQL for node "test.dbt_elt_tpch.source_not_null_tpch_orders_o_orderkey.ebd571817b"
[0m19:34:50.757074 [debug] [Thread-3 (]: Began executing node test.dbt_elt_tpch.source_relationships_tpch_lineitem_l_orderkey__o_orderkey__source_tpch_orders_.f722cb898d
[0m19:34:50.779766 [debug] [Thread-2 (]: Began executing node test.dbt_elt_tpch.source_not_null_tpch_orders_o_orderkey.ebd571817b
[0m19:34:50.862868 [debug] [Thread-4 (]: Began executing node test.dbt_elt_tpch.source_unique_tpch_orders_o_orderkey.374f048af2
[0m19:34:50.874610 [debug] [Thread-4 (]: Writing runtime sql for node "test.dbt_elt_tpch.source_unique_tpch_orders_o_orderkey.374f048af2"
[0m19:34:50.869140 [debug] [Thread-2 (]: Writing runtime sql for node "test.dbt_elt_tpch.source_not_null_tpch_orders_o_orderkey.ebd571817b"
[0m19:34:50.877851 [debug] [Thread-3 (]: Writing runtime sql for node "test.dbt_elt_tpch.source_relationships_tpch_lineitem_l_orderkey__o_orderkey__source_tpch_orders_.f722cb898d"
[0m19:34:50.888755 [debug] [Thread-4 (]: Using snowflake connection "test.dbt_elt_tpch.source_unique_tpch_orders_o_orderkey.374f048af2"
[0m19:34:50.890574 [debug] [Thread-4 (]: On test.dbt_elt_tpch.source_unique_tpch_orders_o_orderkey.374f048af2: select
      count(*) as failures,
      count(*) != 0 as should_warn,
      count(*) != 0 as should_error
    from (
      
    
  
    
    

select
    o_orderkey as unique_field,
    count(*) as n_records

from snowflake_sample_data.tpch_sf1.orders
where o_orderkey is not null
group by o_orderkey
having count(*) > 1



  
  
      
    ) dbt_internal_test
/* {"app": "dbt", "dbt_version": "1.12.0", "profile_name": "dbt_elt_tpch", "target_name": "dev", "node_id": "test.dbt_elt_tpch.source_unique_tpch_orders_o_orderkey.374f048af2"} */
[0m19:34:50.896089 [debug] [Thread-4 (]: Opening a new connection, currently in state init
[0m19:34:50.894542 [debug] [Thread-3 (]: Using snowflake connection "test.dbt_elt_tpch.source_relationships_tpch_lineitem_l_orderkey__o_orderkey__source_tpch_orders_.f722cb898d"
[0m19:34:50.899105 [debug] [Thread-3 (]: On test.dbt_elt_tpch.source_relationships_tpch_lineitem_l_orderkey__o_orderkey__source_tpch_orders_.f722cb898d: select
      count(*) as failures,
      count(*) != 0 as should_warn,
      count(*) != 0 as should_error
    from (
      
    
  
    
    

with child as (
    select l_orderkey as from_field
    from snowflake_sample_data.tpch_sf1.lineitem
    where l_orderkey is not null
),

parent as (
    select o_orderkey as to_field
    from snowflake_sample_data.tpch_sf1.orders
)

select
    from_field

from child
left join parent
    on child.from_field = parent.to_field

where parent.to_field is null



  
  
      
    ) dbt_internal_test
/* {"app": "dbt", "dbt_version": "1.12.0", "profile_name": "dbt_elt_tpch", "target_name": "dev", "node_id": "test.dbt_elt_tpch.source_relationships_tpch_lineitem_l_orderkey__o_orderkey__source_tpch_orders_.f722cb898d"} */
[0m19:34:50.904430 [debug] [Thread-3 (]: Opening a new connection, currently in state init
[0m19:34:50.903059 [debug] [Thread-2 (]: Using snowflake connection "test.dbt_elt_tpch.source_not_null_tpch_orders_o_orderkey.ebd571817b"
[0m19:34:50.906567 [debug] [Thread-2 (]: On test.dbt_elt_tpch.source_not_null_tpch_orders_o_orderkey.ebd571817b: select
      count(*) as failures,
      count(*) != 0 as should_warn,
      count(*) != 0 as should_error
    from (
      
    
  
    
    



select o_orderkey
from snowflake_sample_data.tpch_sf1.orders
where o_orderkey is null



  
  
      
    ) dbt_internal_test
/* {"app": "dbt", "dbt_version": "1.12.0", "profile_name": "dbt_elt_tpch", "target_name": "dev", "node_id": "test.dbt_elt_tpch.source_not_null_tpch_orders_o_orderkey.ebd571817b"} */
[0m19:34:50.908169 [debug] [Thread-2 (]: Opening a new connection, currently in state init
[0m19:34:52.282016 [debug] [Thread-2 (]: SQL status: SUCCESS 1 in 1.374 seconds
[0m19:34:52.339930 [debug] [Thread-4 (]: SQL status: SUCCESS 1 in 1.444 seconds
[0m19:34:52.336561 [info ] [Thread-2 (]: 1 of 3 PASS source_not_null_tpch_orders_o_orderkey ............................. [[32mPASS[0m in 1.68s]
[0m19:34:52.352132 [debug] [Thread-2 (]: Finished running node test.dbt_elt_tpch.source_not_null_tpch_orders_o_orderkey.ebd571817b
[0m19:34:52.348619 [info ] [Thread-4 (]: 3 of 3 PASS source_unique_tpch_orders_o_orderkey ............................... [[32mPASS[0m in 1.74s]
[0m19:34:52.356302 [debug] [Thread-4 (]: Finished running node test.dbt_elt_tpch.source_unique_tpch_orders_o_orderkey.374f048af2
[0m19:34:53.203676 [debug] [Thread-3 (]: SQL status: SUCCESS 1 in 2.298 seconds
[0m19:34:53.211766 [info ] [Thread-3 (]: 2 of 3 PASS source_relationships_tpch_lineitem_l_orderkey__o_orderkey__source_tpch_orders_  [[32mPASS[0m in 2.64s]
[0m19:34:53.215268 [debug] [Thread-3 (]: Finished running node test.dbt_elt_tpch.source_relationships_tpch_lineitem_l_orderkey__o_orderkey__source_tpch_orders_.f722cb898d
[0m19:34:53.222877 [debug] [MainThread]: Connection 'master' was properly closed.
[0m19:34:53.224468 [debug] [MainThread]: Connection 'list_dbt_db_dbt_schema' was left open.
[0m19:34:53.226004 [debug] [MainThread]: On list_dbt_db_dbt_schema: Close
[0m19:34:53.548626 [debug] [MainThread]: Connection 'test.dbt_elt_tpch.source_relationships_tpch_lineitem_l_orderkey__o_orderkey__source_tpch_orders_.f722cb898d' was left open.
[0m19:34:53.550356 [debug] [MainThread]: On test.dbt_elt_tpch.source_relationships_tpch_lineitem_l_orderkey__o_orderkey__source_tpch_orders_.f722cb898d: Close
[0m19:34:53.833958 [debug] [MainThread]: Connection 'test.dbt_elt_tpch.source_unique_tpch_orders_o_orderkey.374f048af2' was left open.
[0m19:34:53.835658 [debug] [MainThread]: On test.dbt_elt_tpch.source_unique_tpch_orders_o_orderkey.374f048af2: Close
[0m19:34:54.077292 [debug] [MainThread]: Connection 'test.dbt_elt_tpch.source_not_null_tpch_orders_o_orderkey.ebd571817b' was left open.
[0m19:34:54.079044 [debug] [MainThread]: On test.dbt_elt_tpch.source_not_null_tpch_orders_o_orderkey.ebd571817b: Close
[0m19:34:54.309837 [info ] [MainThread]: 
[0m19:34:54.312215 [info ] [MainThread]: Finished running 3 data tests in 0 hours 0 minutes and 6.01 seconds (6.01s).
[0m19:34:54.317954 [debug] [MainThread]: Command end result
[0m19:34:54.469764 [debug] [MainThread]: Wrote artifact WritableManifest to C:\Users\pc\dbt_elt_tpch\target\manifest.json
[0m19:34:54.475602 [debug] [MainThread]: Wrote artifact SemanticManifest to C:\Users\pc\dbt_elt_tpch\target\semantic_manifest.json
[0m19:34:54.482643 [debug] [MainThread]: Wrote artifact OsiDocument to C:\Users\pc\dbt_elt_tpch\target\osi_document.json
[0m19:34:54.496960 [debug] [MainThread]: Wrote artifact RunExecutionResult to C:\Users\pc\dbt_elt_tpch\target\run_results.json
[0m19:34:54.497740 [info ] [MainThread]: 
[0m19:34:54.498738 [info ] [MainThread]: [32mCompleted successfully[0m
[0m19:34:54.499723 [info ] [MainThread]: 
[0m19:34:54.500704 [info ] [MainThread]: Done. PASS=3 WARN=0 ERROR=0 SKIP=0 NO-OP=0 REUSED=0 TOTAL=3
[0m19:34:54.502117 [warn ] [MainThread]: [[33mWARNING[0m][DeprecationsSummary]: Deprecated functionality
Summary of encountered deprecations:
- MissingPlusPrefixDeprecation: 4 occurrences
To see all deprecation instances instead of just the first occurrence of each,
run command again with the `--show-all-deprecations` flag. You may also need to
run with `--no-partial-parse` as some deprecations are only encountered during
parsing.
[0m19:34:54.505329 [debug] [MainThread]: Command `dbt test` succeeded at 19:34:54.504615 after 11.11 seconds
[0m19:34:54.506139 [debug] [MainThread]: Sending event: {'category': 'dbt', 'action': 'invocation', 'label': 'end', 'context': [<snowplow_tracker.self_describing_json.SelfDescribingJson object at 0x0000026871827960>, <snowplow_tracker.self_describing_json.SelfDescribingJson object at 0x0000026870ED8370>, <snowplow_tracker.self_describing_json.SelfDescribingJson object at 0x000002685B486F30>]}
[0m19:34:54.507104 [debug] [MainThread]: Flushing usage events
[0m19:34:56.172627 [debug] [MainThread]: An error was encountered while trying to flush usage events
